demand_id,origin_yard_id,dest_yard_id,volume,block_type
1,10023,10539,2100,Grain
2,10023,10546,2100,Grain
3,10023,10163,350,Grain
4,10023,10328,350,Grain
5,10023,10223,1033,Grain
6,10023,11208,350,Grain
7,10023,11012,350,Grain
8,10023,10115,350,Grain
9,10023,10704,350,Grain
10,10023,10158,350,Grain
11,10223,10539,413,Grain
12,10223,10323,350,Grain
13,10223,10328,350,Grain
14,10223,10546,350,Grain
15,10223,11008,1035,Grain
16,10390,10115,350,Grain
17,10390,10704,350,Grain
18,10390,10546,1750,Grain
19,10390,10539,1750,Grain
20,10390,10328,350,Grain
21,10390,10023,350,Grain
22,10390,10223,350,Grain
23,10390,10323,350,Grain
24,10390,10163,350,Grain
25,11646,10023,350,Grain
26,11646,10390,485,Grain
27,11646,11420,3247,Grain
28,11646,10546,1571,Grain
29,11646,10539,1822,Grain
30,11646,10704,350,Grain
31,11646,10323,350,Grain
32,11646,11488,1798,Grain
33,11646,11208,2882,Grain
34,11646,11512,798,Grain
35,11420,11208,2770,Grain
36,11420,11012,744,Grain
37,11420,10115,747,Grain
38,11420,10704,350,Grain
39,11420,11646,2551,Grain
40,11420,10390,967,Grain
41,11420,10023,700,Grain
42,11420,10539,350,Grain
43,11420,10546,350,Grain
44,11420,10650,350,Grain
45,11420,11512,1016,Grain
46,10163,10546,700,Grain
47,10163,10539,613,Grain
48,10163,10323,700,Grain
49,10163,10223,723,Grain
50,10163,10158,350,Grain
51,10163,11646,350,Grain
52,10163,10390,350,Grain
53,10163,11420,350,Grain
54,10163,11488,1568,Grain
55,10323,10163,1159,Grain
56,10323,10328,2361,Grain
57,10323,10223,3398,Grain
58,10323,10158,834,Grain
59,10323,10546,350,Grain
60,10323,11488,1963,Grain
61,10323,10023,879,Grain
62,10323,10390,1014,Grain
63,10323,11646,540,Grain
64,10328,10323,881,Grain
65,10328,10163,700,Grain
66,10328,10223,4245,Grain
67,10328,10023,700,Grain
68,10328,10158,1358,Grain
69,10328,11646,601,Grain
70,10115,11646,350,Grain
71,10115,10539,350,Grain
72,10115,10546,350,Grain
73,10704,10546,441,Grain
74,10704,10539,591,Grain
75,10704,10448,1930,Grain
76,10539,10704,350,Grain
77,10539,10546,664,Grain
78,10539,10323,350,Grain
79,10539,10328,350,Grain
80,10546,10704,350,Grain
81,10546,11008,1218,Grain
82,10448,11420,700,Grain
83,10448,11646,760,Grain
84,10448,10390,748,Grain
85,10448,10023,700,Grain
86,10448,10115,350,Grain
87,10448,11208,350,Grain
88,10448,11012,350,Grain
89,10448,10223,350,Grain
90,10448,10650,368,Grain
91,10133,11008,664,Grain
92,10133,11488,3494,Grain
93,11512,10650,397,Grain
94,11512,11420,1199,Grain
95,11012,11420,350,Grain
96,11012,10390,350,Grain
97,11012,11646,350,Grain
98,11012,10023,350,Grain
99,11012,11208,700,Grain
100,11012,10115,350,Grain
101,11012,10650,350,Grain
102,11488,11646,1755,Grain
103,11208,10704,350,Grain
104,11208,10115,392,Grain
105,11208,11012,350,Grain
106,11208,11646,1364,Grain
107,11208,11420,936,Grain
108,11008,10133,3630,Grain
109,11008,10448,1387,Grain
110,11751,11727,3559,Grain
111,10115,10023,1274,Intermodal
112,10115,10223,2536,Intermodal
113,10115,10704,5982,Intermodal
114,10115,11012,34997,Intermodal
115,10115,11208,5471,Intermodal
116,10115,10390,752,Intermodal
117,10115,11646,1400,Intermodal
118,10115,11420,1633,Intermodal
119,10115,10448,875,Intermodal
120,10115,10546,2685,Intermodal
121,10115,10539,15790,Intermodal
122,10115,10158,700,Intermodal
123,10115,10650,7450,Intermodal
124,10115,10323,533,Intermodal
125,10115,10133,2878,Intermodal
126,10704,10158,8446,Intermodal
127,10704,10115,29823,Intermodal
128,10704,11012,4601,Intermodal
129,10704,11208,4200,Intermodal
130,10704,10390,350,Intermodal
131,10704,11646,986,Intermodal
132,10704,10539,11998,Intermodal
133,10704,10546,3774,Intermodal
134,10704,10650,2463,Intermodal
135,10704,10023,6079,Intermodal
136,10704,10223,1522,Intermodal
137,10704,11420,2100,Intermodal
138,10704,10163,3042,Intermodal
139,10704,10323,1640,Intermodal
140,10704,11008,761,Intermodal
141,10704,10328,4130,Intermodal
142,10704,10448,6910,Intermodal
143,11208,10158,1174,Intermodal
144,11208,10115,4614,Intermodal
145,11208,10704,4550,Intermodal
146,11208,11012,3744,Intermodal
147,11208,11420,8044,Intermodal
148,11208,10023,21154,Intermodal
149,11208,10539,5268,Intermodal
150,11208,10546,1750,Intermodal
151,11208,10323,350,Intermodal
152,11208,10390,350,Intermodal
153,11208,10223,1086,Intermodal
154,11208,10448,578,Intermodal
155,11208,11488,6570,Intermodal
156,11208,11646,12743,Intermodal
157,11208,11512,5114,Intermodal
158,11208,10650,4251,Intermodal
159,10023,10158,1533,Intermodal
160,10023,11420,3929,Intermodal
161,10023,11646,2484,Intermodal
162,10023,10390,42939,Intermodal
163,10023,10546,2800,Intermodal
164,10023,10539,7944,Intermodal
165,10023,10704,5136,Intermodal
166,10023,10328,2881,Intermodal
167,10023,10223,2753,Intermodal
168,10023,10448,350,Intermodal
169,10023,10163,3391,Intermodal
170,10023,10323,5669,Intermodal
171,10023,11512,1050,Intermodal
172,10023,10650,1239,Intermodal
173,10023,11208,700,Intermodal
174,10023,10115,11408,Intermodal
175,10023,11012,508,Intermodal
176,10023,11008,3919,Intermodal
177,10223,10158,11408,Intermodal
178,10223,10115,760,Intermodal
179,10223,11012,700,Intermodal
180,10223,11208,1326,Intermodal
181,10223,10704,1803,Intermodal
182,10223,11420,350,Intermodal
183,10223,10023,6683,Intermodal
184,10223,10546,9010,Intermodal
185,10223,10539,3059,Intermodal
186,10223,10448,5829,Intermodal
187,10223,10328,1050,Intermodal
188,10223,10163,2711,Intermodal
189,10223,11008,2509,Intermodal
190,10223,10650,502,Intermodal
191,10539,10158,892,Intermodal
192,10539,11646,350,Intermodal
193,10539,10390,350,Intermodal
194,10539,10023,472,Intermodal
195,10539,10546,9789,Intermodal
196,10539,10704,5050,Intermodal
197,10539,10328,4985,Intermodal
198,10539,10223,2704,Intermodal
199,10539,10115,1050,Intermodal
200,10539,11512,350,Intermodal
201,10539,10650,5453,Intermodal
202,10539,10163,13638,Intermodal
203,10539,10323,23529,Intermodal
204,10539,11012,350,Intermodal
205,10539,10448,1865,Intermodal
206,10539,10133,724,Intermodal
207,10539,11420,16960,Intermodal
208,10158,10115,1723,Intermodal
209,10158,11208,1249,Intermodal
210,10158,11012,2448,Intermodal
211,10158,10704,665,Intermodal
212,10158,11646,1638,Intermodal
213,10158,10390,2954,Intermodal
214,10158,10023,2408,Intermodal
215,10158,11420,2558,Intermodal
216,10158,10323,2175,Intermodal
217,10158,10328,1400,Intermodal
218,10158,11512,2252,Intermodal
219,10158,10650,1533,Intermodal
220,10158,10448,350,Intermodal
221,10158,10163,700,Intermodal
222,10158,10546,1060,Intermodal
223,10158,10539,503,Intermodal
224,10158,10223,4909,Intermodal
225,10158,11488,6219,Intermodal
226,10158,10133,23736,Intermodal
227,10158,11008,19203,Intermodal
228,10650,11512,6315,Intermodal
229,10650,11420,1693,Intermodal
230,10650,10158,514,Intermodal
231,10650,10115,4263,Intermodal
232,10650,11012,4056,Intermodal
233,10650,11208,1559,Intermodal
234,10650,10704,920,Intermodal
235,10650,11008,825,Intermodal
236,10650,10546,1861,Intermodal
237,10650,10448,3238,Intermodal
238,10650,10323,487,Intermodal
239,10650,10539,5135,Intermodal
240,10650,10023,8356,Intermodal
241,10650,10390,3096,Intermodal
242,10650,11646,22565,Intermodal
243,10650,10328,9512,Intermodal
244,11512,10650,5457,Intermodal
245,11512,11420,6073,Intermodal
246,11512,10390,350,Intermodal
247,11512,10223,4087,Intermodal
248,11512,10158,2746,Intermodal
249,11512,11208,8740,Intermodal
250,11512,10448,2220,Intermodal
251,11512,11488,3071,Intermodal
252,11512,11646,6141,Intermodal
253,11012,10115,3247,Intermodal
254,11012,11208,2517,Intermodal
255,11012,10704,1175,Intermodal
256,11012,10158,350,Intermodal
257,11012,11646,1698,Intermodal
258,11012,10390,975,Intermodal
259,11012,10023,4244,Intermodal
260,11012,11420,5916,Intermodal
261,11012,10546,25174,Intermodal
262,11012,10539,2992,Intermodal
263,11012,10448,2315,Intermodal
264,11012,11512,1400,Intermodal
265,11012,10650,4277,Intermodal
266,11012,10223,700,Intermodal
267,11012,11008,350,Intermodal
268,11012,10163,33386,Intermodal
269,11012,10328,618,Intermodal
270,10133,10158,1028,Intermodal
271,10133,11488,33911,Intermodal
272,10133,11008,27725,Intermodal
273,10133,10163,986,Intermodal
274,10133,11512,1739,Intermodal
275,10133,10223,1788,Intermodal
276,10133,10704,1401,Intermodal
277,10133,10539,5411,Intermodal
278,10133,10448,9242,Intermodal
279,10133,10390,1258,Intermodal
280,10133,10115,883,Intermodal
281,10133,10650,1448,Intermodal
282,10133,10023,381,Intermodal
283,10133,11420,645,Intermodal
284,11008,10158,9201,Intermodal
285,11008,10133,45094,Intermodal
286,11008,11488,8195,Intermodal
287,11008,10223,843,Intermodal
288,11008,10539,1053,Intermodal
289,11008,10448,424,Intermodal
290,11008,10163,4946,Intermodal
291,11008,11646,1795,Intermodal
292,11008,10323,10911,Intermodal
293,11008,10115,494,Intermodal
294,10390,11208,1066,Intermodal
295,10390,10115,8687,Intermodal
296,10390,10158,1400,Intermodal
297,10390,11012,2496,Intermodal
298,10390,11646,4706,Intermodal
299,10390,11420,4584,Intermodal
300,10390,10023,3850,Intermodal
301,10390,10163,3044,Intermodal
302,10390,10323,909,Intermodal
303,10390,10328,914,Intermodal
304,10390,10546,14173,Intermodal
305,10390,10539,5099,Intermodal
306,10390,10448,10619,Intermodal
307,10390,11512,700,Intermodal
308,10390,10650,13066,Intermodal
309,10390,10223,1400,Intermodal
310,10390,10133,9019,Intermodal
311,11646,10223,1605,Intermodal
312,11646,10023,5250,Intermodal
313,11646,10539,1653,Intermodal
314,11646,10158,1292,Intermodal
315,11646,10390,5250,Intermodal
316,11646,11420,11837,Intermodal
317,11646,10163,4872,Intermodal
318,11646,10323,700,Intermodal
319,11646,10328,1050,Intermodal
320,11646,11012,754,Intermodal
321,11646,10115,6551,Intermodal
322,11646,10704,700,Intermodal
323,11646,10546,10638,Intermodal
324,11646,10448,1797,Intermodal
325,11646,11488,14055,Intermodal
326,11646,11208,12292,Intermodal
327,11646,11512,5370,Intermodal
328,11646,10650,431,Intermodal
329,11646,11008,397,Intermodal
330,11420,10115,2567,Intermodal
331,11420,10704,1395,Intermodal
332,11420,11208,5638,Intermodal
333,11420,10158,1402,Intermodal
334,11420,11012,1510,Intermodal
335,11420,11646,13329,Intermodal
336,11420,10390,6094,Intermodal
337,11420,10023,2540,Intermodal
338,11420,10323,15873,Intermodal
339,11420,10163,1088,Intermodal
340,11420,10328,729,Intermodal
341,11420,10448,11231,Intermodal
342,11420,11512,7773,Intermodal
343,11420,10650,5845,Intermodal
344,11420,10539,1410,Intermodal
345,11420,11488,2453,Intermodal
346,11420,10546,420,Intermodal
347,11420,11008,371,Intermodal
348,11420,10223,4003,Intermodal
349,10163,10158,921,Intermodal
350,10163,10023,5143,Intermodal
351,10163,10390,11148,Intermodal
352,10163,11646,1750,Intermodal
353,10163,11420,737,Intermodal
354,10163,10323,11593,Intermodal
355,10163,10328,3058,Intermodal
356,10163,11512,350,Intermodal
357,10163,10650,7449,Intermodal
358,10163,10223,987,Intermodal
359,10163,10448,10427,Intermodal
360,10163,10133,8955,Intermodal
361,10163,11008,2706,Intermodal
362,10163,10539,3938,Intermodal
363,10163,11012,13200,Intermodal
364,10323,10158,483,Intermodal
365,10323,10023,4504,Intermodal
366,10323,10390,2093,Intermodal
367,10323,11646,2443,Intermodal
368,10323,10163,2869,Intermodal
369,10323,10328,55285,Intermodal
370,10323,11012,350,Intermodal
371,10323,10223,2234,Intermodal
372,10323,10539,1871,Intermodal
373,10323,11008,4746,Intermodal
374,10323,10650,6687,Intermodal
375,10323,10704,600,Intermodal
376,10323,10448,2020,Intermodal
377,10323,10115,3660,Intermodal
378,10323,10546,1397,Intermodal
379,10328,10023,10600,Intermodal
380,10328,10390,17546,Intermodal
381,10328,11646,2368,Intermodal
382,10328,10448,12901,Intermodal
383,10328,11420,840,Intermodal
384,10328,10323,6677,Intermodal
385,10328,10163,2918,Intermodal
386,10328,10223,3221,Intermodal
387,10328,10158,2229,Intermodal
388,10328,10115,530,Intermodal
389,10328,11008,2661,Intermodal
390,10328,10546,3741,Intermodal
391,10328,10650,865,Intermodal
392,10328,11208,10633,Intermodal
393,10328,11012,46252,Intermodal
394,10546,10115,1750,Intermodal
395,10546,10704,58390,Intermodal
396,10546,11208,869,Intermodal
397,10546,10223,2100,Intermodal
398,10546,10539,6170,Intermodal
399,10546,10158,1190,Intermodal
400,10546,11512,1750,Intermodal
401,10546,10650,2507,Intermodal
402,10546,11012,2687,Intermodal
403,10546,10163,700,Intermodal
404,10546,10323,4523,Intermodal
405,10546,10328,1756,Intermodal
406,10546,10448,3492,Intermodal
407,10546,10390,829,Intermodal
408,10546,11008,455,Intermodal
409,10546,11488,1113,Intermodal
410,10448,10115,3346,Intermodal
411,10448,11208,22172,Intermodal
412,10448,10158,3077,Intermodal
413,10448,10163,8146,Intermodal
414,10448,10323,1231,Intermodal
415,10448,10328,545,Intermodal
416,10448,11512,2969,Intermodal
417,10448,10223,3893,Intermodal
418,10448,10539,3894,Intermodal
419,10448,10390,2636,Intermodal
420,10448,11646,384,Intermodal
421,10448,10650,3036,Intermodal
422,10448,10546,1078,Intermodal
423,10448,11420,16758,Intermodal
424,10448,10023,23005,Intermodal
425,11488,10158,39850,Intermodal
426,11488,11008,16804,Intermodal
427,11488,10133,1529,Intermodal
428,11488,10163,573,Intermodal
429,11488,10223,459,Intermodal
430,11488,11208,4381,Intermodal
431,11488,11646,10662,Intermodal
432,11488,11512,2049,Intermodal
433,11488,11420,2352,Intermodal
434,11488,10115,1431,Intermodal
435,11488,10023,436,Intermodal
436,11488,10650,506,Intermodal
437,11751,11727,1586,Intermodal
438,11751,11727,1719,Coal
439,10115,10913,2017,Merchandise
440,10115,11021,1104,Merchandise
441,10115,11022,1050,Merchandise
442,10115,10704,1750,Merchandise
443,10115,11012,2450,Merchandise
444,10115,11208,2450,Merchandise
445,10115,10394,2712,Merchandise
446,10115,10708,1776,Merchandise
447,10115,10778,1585,Merchandise
448,10115,10785,1050,Merchandise
449,10115,10223,700,Merchandise
450,10115,10055,350,Merchandise
451,10115,10101,350,Merchandise
452,10115,10238,488,Merchandise
453,10115,10417,1050,Merchandise
454,10115,10390,350,Merchandise
455,10115,10546,350,Merchandise
456,10115,10539,700,Merchandise
457,10115,10259,700,Merchandise
458,10115,10534,350,Merchandise
459,10115,11670,350,Merchandise
460,10115,11690,350,Merchandise
461,10115,11420,350,Merchandise
462,10115,10378,350,Merchandise
463,10115,10398,350,Merchandise
464,10115,10402,350,Merchandise
465,10115,10426,350,Merchandise
466,10115,10623,350,Merchandise
467,10115,10158,350,Merchandise
468,10704,10913,1446,Merchandise
469,10704,11021,1400,Merchandise
470,10704,11022,1273,Merchandise
471,10704,10023,2450,Merchandise
472,10704,11420,826,Merchandise
473,10704,10115,3191,Merchandise
474,10704,11012,2372,Merchandise
475,10704,10278,1050,Merchandise
476,10704,10394,1285,Merchandise
477,10704,10390,638,Merchandise
478,10704,11208,2218,Merchandise
479,10704,11512,1050,Merchandise
480,10704,10259,1295,Merchandise
481,10704,10650,447,Merchandise
482,10704,10546,1050,Merchandise
483,10704,10539,1050,Merchandise
484,10704,10708,700,Merchandise
485,10704,10775,350,Merchandise
486,10704,10785,567,Merchandise
487,10704,10810,350,Merchandise
488,10704,10534,350,Merchandise
489,10704,11670,350,Merchandise
490,10704,10417,350,Merchandise
491,11208,10913,1400,Merchandise
492,11208,11021,1050,Merchandise
493,11208,11022,759,Merchandise
494,11208,10539,700,Merchandise
495,11208,10546,700,Merchandise
496,11208,10390,486,Merchandise
497,11208,10704,1050,Merchandise
498,11208,10238,350,Merchandise
499,11208,10259,350,Merchandise
500,11208,10785,700,Merchandise
501,11208,10968,556,Merchandise
502,11208,10163,350,Merchandise
503,11208,11646,10066,Merchandise
504,11208,11012,1886,Merchandise
505,11208,10115,1400,Merchandise
506,11208,10394,1050,Merchandise
507,11208,10417,707,Merchandise
508,11208,11420,8591,Merchandise
509,11208,10650,1139,Merchandise
510,11208,10708,712,Merchandise
511,11208,10378,362,Merchandise
512,11208,11512,6355,Merchandise
513,11208,10778,700,Merchandise
514,11208,10223,664,Merchandise
515,11208,10640,350,Merchandise
516,11208,10641,350,Merchandise
517,11208,10707,350,Merchandise
518,11208,10831,350,Merchandise
519,11208,10985,350,Merchandise
520,11208,11099,350,Merchandise
521,11208,11488,4160,Merchandise
522,10259,10913,350,Merchandise
523,10259,10223,350,Merchandise
524,10259,10101,350,Merchandise
525,10259,10238,350,Merchandise
526,10259,10247,350,Merchandise
527,10259,11651,350,Merchandise
528,10259,11670,350,Merchandise
529,10259,11690,350,Merchandise
530,10098,10158,350,Merchandise
531,10098,10116,350,Merchandise
532,10098,10171,350,Merchandise
533,10098,10288,350,Merchandise
534,10130,10158,350,Merchandise
535,10130,10116,700,Merchandise
536,10130,10171,700,Merchandise
537,10130,10098,350,Merchandise
538,10130,10101,635,Merchandise
539,10130,10328,350,Merchandise
540,10130,10223,1050,Merchandise
541,10130,10539,423,Merchandise
542,10130,10055,350,Merchandise
543,10130,10546,350,Merchandise
544,10130,10238,700,Merchandise
545,10130,10259,350,Merchandise
546,10130,10534,350,Merchandise
547,10130,11670,700,Merchandise
548,10130,11690,700,Merchandise
549,10130,11708,350,Merchandise
550,10130,10247,350,Merchandise
551,10130,11651,350,Merchandise
552,10023,10546,1050,Merchandise
553,10023,10539,1050,Merchandise
554,10023,10055,350,Merchandise
555,10023,10129,700,Merchandise
556,10023,10238,487,Merchandise
557,10023,10704,1302,Merchandise
558,10023,11012,2100,Merchandise
559,10023,10115,1149,Merchandise
560,10023,11208,960,Merchandise
561,10023,10394,1050,Merchandise
562,10023,10708,700,Merchandise
563,10023,10778,437,Merchandise
564,10023,10323,771,Merchandise
565,10023,11420,1050,Merchandise
566,10023,10259,350,Merchandise
567,10023,10318,350,Merchandise
568,10023,10534,350,Merchandise
569,10023,11670,350,Merchandise
570,10023,11690,350,Merchandise
571,10023,11708,350,Merchandise
572,10023,11711,350,Merchandise
573,10023,11715,350,Merchandise
574,10023,10163,1050,Merchandise
575,10023,10224,350,Merchandise
576,10023,10285,492,Merchandise
577,10023,10101,350,Merchandise
578,10023,10130,350,Merchandise
579,10023,10247,350,Merchandise
580,10023,11512,1050,Merchandise
581,10023,10650,725,Merchandise
582,10023,10390,1050,Merchandise
583,10023,10242,1050,Merchandise
584,10023,10296,450,Merchandise
585,10023,10304,1050,Merchandise
586,10023,10378,353,Merchandise
587,10023,10448,350,Merchandise
588,10023,11646,350,Merchandise
589,10023,10139,350,Merchandise
590,10023,10333,350,Merchandise
591,10023,10417,350,Merchandise
592,10023,10380,350,Merchandise
593,10023,10398,350,Merchandise
594,10023,10402,350,Merchandise
595,10023,10426,350,Merchandise
596,10023,10623,350,Merchandise
597,10223,10546,2088,Merchandise
598,10223,10704,1833,Merchandise
599,10223,10328,2100,Merchandise
600,10223,10539,2800,Merchandise
601,10223,11208,1556,Merchandise
602,10223,11012,1985,Merchandise
603,10223,10055,350,Merchandise
604,10223,10101,1400,Merchandise
605,10223,10238,1050,Merchandise
606,10223,10247,1400,Merchandise
607,10223,10248,350,Merchandise
608,10223,10318,350,Merchandise
609,10223,11651,984,Merchandise
610,10223,10023,2820,Merchandise
611,10223,10390,1925,Merchandise
612,10223,10323,1057,Merchandise
613,10223,10195,1363,Merchandise
614,10223,10279,1050,Merchandise
615,10223,10324,1050,Merchandise
616,10223,11060,798,Merchandise
617,10223,10259,1750,Merchandise
618,10223,10534,1400,Merchandise
619,10223,11670,1612,Merchandise
620,10223,11690,1400,Merchandise
621,10223,11708,1050,Merchandise
622,10223,11711,1400,Merchandise
623,10223,11715,1050,Merchandise
624,10223,10163,784,Merchandise
625,10223,10139,1294,Merchandise
626,10223,10133,700,Merchandise
627,10223,11008,700,Merchandise
628,10223,10415,583,Merchandise
629,10223,10148,489,Merchandise
630,10223,10115,1400,Merchandise
631,10223,10394,1323,Merchandise
632,10223,10130,700,Merchandise
633,10223,10158,350,Merchandise
634,10223,10171,350,Merchandise
635,10223,10288,350,Merchandise
636,10223,10299,350,Merchandise
637,10223,11457,350,Merchandise
638,10223,11694,700,Merchandise
639,10223,10913,350,Merchandise
640,10223,11021,350,Merchandise
641,10223,11022,350,Merchandise
642,10223,10708,355,Merchandise
643,10223,11646,1050,Merchandise
644,10223,10242,1400,Merchandise
645,10223,10278,840,Merchandise
646,10223,10304,1400,Merchandise
647,10223,10354,384,Merchandise
648,10223,10527,700,Merchandise
649,10223,10573,350,Merchandise
650,10223,10768,350,Merchandise
651,10223,10775,350,Merchandise
652,10223,10810,350,Merchandise
653,10223,10855,350,Merchandise
654,10223,10894,350,Merchandise
655,10223,10956,350,Merchandise
656,10223,10957,350,Merchandise
657,10223,11033,350,Merchandise
658,10223,11073,350,Merchandise
659,10223,11077,350,Merchandise
660,10223,11420,1750,Merchandise
661,10223,11678,350,Merchandise
662,10223,11751,700,Merchandise
663,10223,10448,700,Merchandise
664,10223,10378,863,Merchandise
665,10223,10398,700,Merchandise
666,10223,10224,350,Merchandise
667,10223,10488,350,Merchandise
668,10223,10553,350,Merchandise
669,10223,11512,700,Merchandise
670,10223,10650,700,Merchandise
671,10223,11603,350,Merchandise
672,10223,10417,350,Merchandise
673,10223,10778,350,Merchandise
674,10223,10785,350,Merchandise
675,10223,10831,350,Merchandise
676,10223,10968,350,Merchandise
677,10223,11099,350,Merchandise
678,10223,11031,350,Merchandise
679,10539,10328,350,Merchandise
680,10539,10023,1460,Merchandise
681,10539,10223,1750,Merchandise
682,10539,10913,700,Merchandise
683,10539,11021,639,Merchandise
684,10539,11022,350,Merchandise
685,10539,10704,1750,Merchandise
686,10539,10115,1400,Merchandise
687,10539,11208,862,Merchandise
688,10539,11012,855,Merchandise
689,10539,10394,350,Merchandise
690,10539,11646,350,Merchandise
691,10539,10390,350,Merchandise
692,10539,11420,485,Merchandise
693,10539,10546,700,Merchandise
694,10539,10238,1750,Merchandise
695,10539,10259,996,Merchandise
696,10539,10785,350,Merchandise
697,10539,10968,350,Merchandise
698,10539,11708,350,Merchandise
699,10539,11711,350,Merchandise
700,10539,11512,700,Merchandise
701,10539,10650,587,Merchandise
702,10539,10101,1050,Merchandise
703,10539,10247,1050,Merchandise
704,10539,11651,1050,Merchandise
705,10539,11670,1050,Merchandise
706,10539,11690,774,Merchandise
707,10158,10098,350,Merchandise
708,10158,10130,350,Merchandise
709,10158,10148,350,Merchandise
710,10158,10913,350,Merchandise
711,10158,11021,350,Merchandise
712,10158,10115,350,Merchandise
713,10158,11646,1001,Merchandise
714,10158,10390,498,Merchandise
715,10158,10023,350,Merchandise
716,10158,11420,880,Merchandise
717,10158,10650,1318,Merchandise
718,10158,10448,451,Merchandise
719,10158,10116,350,Merchandise
720,10158,10171,350,Merchandise
721,10158,10181,700,Merchandise
722,10158,10299,350,Merchandise
723,10158,11512,1050,Merchandise
724,10158,11488,700,Merchandise
725,10158,10109,700,Merchandise
726,10158,10125,700,Merchandise
727,10158,10126,669,Merchandise
728,10158,10704,350,Merchandise
729,10158,10223,350,Merchandise
730,10158,10055,752,Merchandise
731,10158,10101,350,Merchandise
732,10158,10238,350,Merchandise
733,10158,10247,350,Merchandise
734,10158,10248,350,Merchandise
735,10158,10318,350,Merchandise
736,10158,11008,350,Merchandise
737,10158,10127,350,Merchandise
738,10158,10163,350,Merchandise
739,10116,10098,350,Merchandise
740,10116,10130,350,Merchandise
741,10116,10171,350,Merchandise
742,10116,10181,350,Merchandise
743,10171,10098,350,Merchandise
744,10171,10130,350,Merchandise
745,10171,10158,350,Merchandise
746,10171,10288,350,Merchandise
747,10171,10299,350,Merchandise
748,10171,10448,350,Merchandise
749,10288,10130,350,Merchandise
750,10148,10130,470,Merchandise
751,10148,10158,700,Merchandise
752,10148,10171,700,Merchandise
753,10148,10913,350,Merchandise
754,10148,11021,350,Merchandise
755,10148,11646,916,Merchandise
756,10148,10390,1050,Merchandise
757,10148,10023,700,Merchandise
758,10148,10026,726,Merchandise
759,10148,10139,350,Merchandise
760,10148,10242,375,Merchandise
761,10148,11420,758,Merchandise
762,10148,10323,1050,Merchandise
763,10148,10328,958,Merchandise
764,10148,10096,700,Merchandise
765,10148,10195,373,Merchandise
766,10148,11012,700,Merchandise
767,10148,10115,350,Merchandise
768,10148,10704,350,Merchandise
769,10148,10546,350,Merchandise
770,10148,10539,494,Merchandise
771,10148,10448,350,Merchandise
772,10148,10163,350,Merchandise
773,10148,10224,350,Merchandise
774,10148,10133,700,Merchandise
775,10148,10101,1050,Merchandise
776,10148,10223,700,Merchandise
777,10148,11008,350,Merchandise
778,10148,10181,712,Merchandise
779,10148,10415,446,Merchandise
780,10148,11694,350,Merchandise
781,10148,10205,350,Merchandise
782,10148,10263,350,Merchandise
783,11694,10130,350,Merchandise
784,11694,11008,350,Merchandise
785,11694,10415,350,Merchandise
786,11694,10148,700,Merchandise
787,11694,10448,350,Merchandise
788,11694,10390,700,Merchandise
789,11694,11420,393,Merchandise
790,11694,10163,502,Merchandise
791,11694,10323,700,Merchandise
792,11694,10224,350,Merchandise
793,11694,10488,350,Merchandise
794,11694,10527,350,Merchandise
795,11694,10553,350,Merchandise
796,11694,11060,700,Merchandise
797,11694,11400,350,Merchandise
798,11694,11678,700,Merchandise
799,11694,10328,1400,Merchandise
800,11694,10023,433,Merchandise
801,11694,10139,350,Merchandise
802,11694,10195,350,Merchandise
803,11694,10242,350,Merchandise
804,11694,10259,350,Merchandise
805,11694,10278,350,Merchandise
806,11694,10279,700,Merchandise
807,11694,10324,543,Merchandise
808,11694,10354,350,Merchandise
809,11694,10573,350,Merchandise
810,11694,10775,350,Merchandise
811,11694,10810,350,Merchandise
812,11694,11031,350,Merchandise
813,11694,11033,350,Merchandise
814,11694,11073,350,Merchandise
815,11694,11428,350,Merchandise
816,11694,11656,350,Merchandise
817,11694,11702,350,Merchandise
818,11694,11703,350,Merchandise
819,11694,11727,350,Merchandise
820,11694,11751,350,Merchandise
821,11694,10133,350,Merchandise
822,11694,10186,350,Merchandise
823,11694,10171,350,Merchandise
824,11694,11012,350,Merchandise
825,11694,10223,350,Merchandise
826,11694,10285,6358,Merchandise
827,10650,11512,4200,Merchandise
828,10650,10032,350,Merchandise
829,10650,10640,3413,Merchandise
830,10650,10641,2429,Merchandise
831,10650,10378,3544,Merchandise
832,10650,11420,1750,Merchandise
833,10650,10398,1400,Merchandise
834,10650,10402,1050,Merchandise
835,10650,11012,700,Merchandise
836,10650,10417,700,Merchandise
837,10650,10707,799,Merchandise
838,10650,10708,350,Merchandise
839,10650,10778,350,Merchandise
840,10650,10831,1529,Merchandise
841,10650,10784,1050,Merchandise
842,10650,10858,700,Merchandise
843,10650,10985,1050,Merchandise
844,11512,10650,11121,Merchandise
845,11512,10032,863,Merchandise
846,11512,10378,5745,Merchandise
847,11512,10380,411,Merchandise
848,11512,10640,6802,Merchandise
849,11512,10641,5158,Merchandise
850,11512,10784,2109,Merchandise
851,11512,11420,8385,Merchandise
852,11512,11646,4103,Merchandise
853,11512,10390,1318,Merchandise
854,11512,10858,1750,Merchandise
855,11512,10985,2800,Merchandise
856,11512,11012,2191,Merchandise
857,11512,10223,1050,Merchandise
858,11512,10101,397,Merchandise
859,11512,10158,1050,Merchandise
860,11512,10023,1050,Merchandise
861,11512,10398,1533,Merchandise
862,11512,10831,2450,Merchandise
863,11512,10402,700,Merchandise
864,11512,10707,1400,Merchandise
865,11512,11099,1050,Merchandise
866,11512,10913,700,Merchandise
867,11512,11021,593,Merchandise
868,11512,11208,5225,Merchandise
869,11512,10115,857,Merchandise
870,11512,10417,831,Merchandise
871,11512,10394,700,Merchandise
872,11512,10242,350,Merchandise
873,11512,10304,350,Merchandise
874,11512,10708,350,Merchandise
875,11512,11488,1359,Merchandise
876,10913,11208,1400,Merchandise
877,10913,10115,1057,Merchandise
878,10913,10704,700,Merchandise
879,10913,11012,1050,Merchandise
880,10913,10394,465,Merchandise
881,10913,10708,350,Merchandise
882,10913,10778,350,Merchandise
883,10913,10785,350,Merchandise
884,10913,10968,350,Merchandise
885,10913,11512,700,Merchandise
886,10913,10650,350,Merchandise
887,10913,10223,350,Merchandise
888,11012,10704,1400,Merchandise
889,11012,10115,1050,Merchandise
890,11012,11208,1128,Merchandise
891,11012,10259,700,Merchandise
892,11012,10394,964,Merchandise
893,11012,10785,350,Merchandise
894,11012,10913,700,Merchandise
895,11012,11021,700,Merchandise
896,11012,11022,700,Merchandise
897,11012,11646,1400,Merchandise
898,11012,10023,1974,Merchandise
899,11012,11420,2195,Merchandise
900,11012,10546,912,Merchandise
901,11012,10539,754,Merchandise
902,11012,10448,350,Merchandise
903,11012,10390,1867,Merchandise
904,11012,10223,700,Merchandise
905,11012,10101,353,Merchandise
906,11012,10238,700,Merchandise
907,11012,10139,1050,Merchandise
908,11012,10242,1061,Merchandise
909,11012,10278,944,Merchandise
910,11012,10304,643,Merchandise
911,11012,10378,700,Merchandise
912,11012,10650,430,Merchandise
913,11012,10417,350,Merchandise
914,11012,10640,350,Merchandise
915,11012,10158,350,Merchandise
916,11012,10163,350,Merchandise
917,11012,10534,350,Merchandise
918,11012,11670,350,Merchandise
919,11012,11690,350,Merchandise
920,11012,11708,350,Merchandise
921,11012,11711,350,Merchandise
922,11012,11715,350,Merchandise
923,10394,10913,350,Merchandise
924,10394,11021,350,Merchandise
925,10394,11022,350,Merchandise
926,10394,10390,350,Merchandise
927,10394,11012,700,Merchandise
928,10394,11420,1050,Merchandise
929,10394,10242,350,Merchandise
930,10394,10304,350,Merchandise
931,10394,10398,700,Merchandise
932,10394,10402,700,Merchandise
933,10394,10426,350,Merchandise
934,10394,10623,350,Merchandise
935,10394,10637,350,Merchandise
936,10394,10652,350,Merchandise
937,10394,10707,1050,Merchandise
938,10394,10708,700,Merchandise
939,10394,10768,350,Merchandise
940,10394,10810,350,Merchandise
941,10394,10831,1050,Merchandise
942,10394,10894,350,Merchandise
943,10394,10956,350,Merchandise
944,10394,10957,350,Merchandise
945,10394,10976,350,Merchandise
946,10394,11073,350,Merchandise
947,10394,11077,350,Merchandise
948,10394,11099,1050,Merchandise
949,10394,11512,350,Merchandise
950,10394,10650,350,Merchandise
951,10394,10640,700,Merchandise
952,10394,10641,700,Merchandise
953,10394,10985,700,Merchandise
954,10394,10023,350,Merchandise
955,10394,10417,350,Merchandise
956,10394,10778,350,Merchandise
957,10708,10913,350,Merchandise
958,10708,11021,350,Merchandise
959,10708,11022,350,Merchandise
960,10778,10913,350,Merchandise
961,10778,11021,350,Merchandise
962,10778,11022,350,Merchandise
963,10785,10913,350,Merchandise
964,10785,11021,350,Merchandise
965,10785,11022,350,Merchandise
966,10133,10158,700,Merchandise
967,10133,10171,700,Merchandise
968,10133,11488,700,Merchandise
969,10133,10109,393,Merchandise
970,10133,10223,700,Merchandise
971,10133,11008,700,Merchandise
972,10133,10415,1050,Merchandise
973,10133,11694,793,Merchandise
974,10133,10148,1074,Merchandise
975,10133,10186,350,Merchandise
976,10133,11646,1400,Merchandise
977,10133,10023,827,Merchandise
978,10133,10448,700,Merchandise
979,10133,10390,971,Merchandise
980,10133,10163,700,Merchandise
981,10133,10323,350,Merchandise
982,10133,10224,700,Merchandise
983,10133,10488,350,Merchandise
984,10133,10527,700,Merchandise
985,10133,10263,700,Merchandise
986,10133,10125,350,Merchandise
987,10133,10126,350,Merchandise
988,10133,10127,350,Merchandise
989,10133,10115,700,Merchandise
990,10133,10704,700,Merchandise
991,10133,11208,700,Merchandise
992,10133,10259,700,Merchandise
993,10133,10394,603,Merchandise
994,10133,10130,350,Merchandise
995,10133,10539,350,Merchandise
996,10133,10195,350,Merchandise
997,10133,10278,700,Merchandise
998,10133,10775,700,Merchandise
999,10133,11031,350,Merchandise
1000,10133,11033,583,Merchandise
1001,10133,11428,350,Merchandise
1002,10133,11656,350,Merchandise
1003,10133,11012,350,Merchandise
1004,10133,10139,350,Merchandise
1005,10133,10242,350,Merchandise
1006,10133,10304,350,Merchandise
1007,10133,10354,350,Merchandise
1008,10133,10573,350,Merchandise
1009,10133,10768,350,Merchandise
1010,10133,10810,350,Merchandise
1011,10133,10855,350,Merchandise
1012,10133,10894,350,Merchandise
1013,10133,10956,350,Merchandise
1014,10133,10957,350,Merchandise
1015,11008,10148,1050,Merchandise
1016,11008,11646,350,Merchandise
1017,11008,10390,640,Merchandise
1018,11008,10133,1400,Merchandise
1019,11008,10186,769,Merchandise
1020,11008,10205,350,Merchandise
1021,11008,10263,700,Merchandise
1022,11008,10415,375,Merchandise
1023,11008,11488,350,Merchandise
1024,11008,10109,350,Merchandise
1025,11008,10125,350,Merchandise
1026,11008,10126,350,Merchandise
1027,11008,10127,350,Merchandise
1028,11008,10158,350,Merchandise
1029,11008,10171,700,Merchandise
1030,11008,10288,350,Merchandise
1031,11008,10299,476,Merchandise
1032,11008,11457,350,Merchandise
1033,11008,10023,700,Merchandise
1034,11008,10163,350,Merchandise
1035,11008,10223,350,Merchandise
1036,11008,11518,350,Merchandise
1037,10390,10704,742,Merchandise
1038,10390,10115,700,Merchandise
1039,10390,11208,624,Merchandise
1040,10390,10259,700,Merchandise
1041,10390,10394,740,Merchandise
1042,10390,10913,700,Merchandise
1043,10390,11646,1037,Merchandise
1044,10390,10023,700,Merchandise
1045,10390,11420,1251,Merchandise
1046,10390,10026,350,Merchandise
1047,10390,10139,700,Merchandise
1048,10390,10242,700,Merchandise
1049,10390,10278,350,Merchandise
1050,10390,10296,350,Merchandise
1051,10390,10304,700,Merchandise
1052,10390,10333,350,Merchandise
1053,10390,10354,700,Merchandise
1054,10390,10398,597,Merchandise
1055,10390,10402,350,Merchandise
1056,10390,10426,350,Merchandise
1057,10390,10573,350,Merchandise
1058,10390,10623,350,Merchandise
1059,10390,10637,350,Merchandise
1060,10390,10652,350,Merchandise
1061,10390,10707,350,Merchandise
1062,10390,10768,350,Merchandise
1063,10390,10775,350,Merchandise
1064,10390,10810,350,Merchandise
1065,10390,10855,350,Merchandise
1066,10390,10894,350,Merchandise
1067,10390,10956,350,Merchandise
1068,10390,10957,350,Merchandise
1069,10390,10976,350,Merchandise
1070,10390,11033,350,Merchandise
1071,10390,11073,350,Merchandise
1072,10390,11077,350,Merchandise
1073,10390,11099,350,Merchandise
1074,10390,11428,350,Merchandise
1075,10390,11656,350,Merchandise
1076,10390,11702,350,Merchandise
1077,10390,11727,350,Merchandise
1078,10390,10546,350,Merchandise
1079,10390,10539,350,Merchandise
1080,10390,10129,350,Merchandise
1081,10390,10238,885,Merchandise
1082,10390,10534,350,Merchandise
1083,10390,11670,369,Merchandise
1084,10390,11690,350,Merchandise
1085,10390,11012,711,Merchandise
1086,10390,10223,700,Merchandise
1087,10390,10101,700,Merchandise
1088,10390,10247,350,Merchandise
1089,10390,11651,350,Merchandise
1090,10390,10378,350,Merchandise
1091,10390,10380,350,Merchandise
1092,10390,10448,700,Merchandise
1093,10390,10163,700,Merchandise
1094,10390,11512,350,Merchandise
1095,11646,10158,350,Merchandise
1096,11646,10171,350,Merchandise
1097,11646,10288,350,Merchandise
1098,11646,10299,350,Merchandise
1099,11646,10913,350,Merchandise
1100,11646,11021,350,Merchandise
1101,11646,11022,350,Merchandise
1102,11646,10390,1050,Merchandise
1103,11646,10023,616,Merchandise
1104,11646,10163,700,Merchandise
1105,11646,10323,700,Merchandise
1106,11646,10328,1062,Merchandise
1107,11646,10546,350,Merchandise
1108,11646,10539,350,Merchandise
1109,11646,10129,350,Merchandise
1110,11646,10238,700,Merchandise
1111,11646,10259,700,Merchandise
1112,11646,10318,350,Merchandise
1113,11646,10534,350,Merchandise
1114,11646,11670,1018,Merchandise
1115,11646,11690,700,Merchandise
1116,11646,11708,350,Merchandise
1117,11646,11711,350,Merchandise
1118,11646,11715,350,Merchandise
1119,11646,10448,350,Merchandise
1120,11646,11420,7563,Merchandise
1121,11646,10242,700,Merchandise
1122,11646,10296,350,Merchandise
1123,11646,10304,350,Merchandise
1124,11646,10333,502,Merchandise
1125,11646,10096,350,Merchandise
1126,11646,10139,350,Merchandise
1127,11646,10195,350,Merchandise
1128,11646,10278,350,Merchandise
1129,11646,10279,350,Merchandise
1130,11646,10324,350,Merchandise
1131,11646,10223,1400,Merchandise
1132,11646,11512,4893,Merchandise
1133,11646,10650,350,Merchandise
1134,11646,10101,350,Merchandise
1135,11646,10247,801,Merchandise
1136,11646,10248,350,Merchandise
1137,11646,11651,700,Merchandise
1138,11646,10224,700,Merchandise
1139,11646,10488,350,Merchandise
1140,11646,10527,350,Merchandise
1141,11646,10553,350,Merchandise
1142,11646,11060,350,Merchandise
1143,11646,11400,350,Merchandise
1144,11646,11678,350,Merchandise
1145,11646,10130,350,Merchandise
1146,11646,10263,350,Merchandise
1147,11646,10264,350,Merchandise
1148,11646,10583,350,Merchandise
1149,11646,11518,350,Merchandise
1150,11646,11488,11497,Merchandise
1151,11646,11208,11042,Merchandise
1152,11420,10704,1050,Merchandise
1153,11420,11208,5058,Merchandise
1154,11420,10158,350,Merchandise
1155,11420,10913,350,Merchandise
1156,11420,10115,906,Merchandise
1157,11420,11012,540,Merchandise
1158,11420,11646,8557,Merchandise
1159,11420,10390,1050,Merchandise
1160,11420,10023,700,Merchandise
1161,11420,10139,350,Merchandise
1162,11420,10242,1050,Merchandise
1163,11420,10278,700,Merchandise
1164,11420,10304,1050,Merchandise
1165,11420,10354,350,Merchandise
1166,11420,10527,350,Merchandise
1167,11420,10573,350,Merchandise
1168,11420,10768,350,Merchandise
1169,11420,10775,350,Merchandise
1170,11420,10810,350,Merchandise
1171,11420,10855,350,Merchandise
1172,11420,10894,350,Merchandise
1173,11420,10956,350,Merchandise
1174,11420,10957,350,Merchandise
1175,11420,11033,350,Merchandise
1176,11420,11073,350,Merchandise
1177,11420,11077,350,Merchandise
1178,11420,11428,350,Merchandise
1179,11420,11656,350,Merchandise
1180,11420,10163,350,Merchandise
1181,11420,10323,350,Merchandise
1182,11420,10394,350,Merchandise
1183,11420,10398,1618,Merchandise
1184,11420,10402,905,Merchandise
1185,11420,10707,700,Merchandise
1186,11420,10546,700,Merchandise
1187,11420,10539,642,Merchandise
1188,11420,10238,350,Merchandise
1189,11420,10650,1400,Merchandise
1190,11420,10378,1824,Merchandise
1191,11420,10448,700,Merchandise
1192,11420,10296,350,Merchandise
1193,11420,10380,350,Merchandise
1194,11420,11512,6678,Merchandise
1195,11420,10640,429,Merchandise
1196,11420,10641,350,Merchandise
1197,11420,11488,1386,Merchandise
1198,10163,10130,350,Merchandise
1199,10163,10158,700,Merchandise
1200,10163,10171,700,Merchandise
1201,10163,10288,700,Merchandise
1202,10163,10299,402,Merchandise
1203,10163,10546,700,Merchandise
1204,10163,10539,700,Merchandise
1205,10163,10238,1050,Merchandise
1206,10163,10259,1044,Merchandise
1207,10163,10323,1050,Merchandise
1208,10163,10224,350,Merchandise
1209,10163,10285,350,Merchandise
1210,10163,10488,350,Merchandise
1211,10163,10527,350,Merchandise
1212,10163,10553,350,Merchandise
1213,10163,11060,350,Merchandise
1214,10163,11400,350,Merchandise
1215,10163,11678,350,Merchandise
1216,10163,10328,1050,Merchandise
1217,10163,10023,1750,Merchandise
1218,10163,10139,1400,Merchandise
1219,10163,10195,624,Merchandise
1220,10163,10242,1327,Merchandise
1221,10163,10278,683,Merchandise
1222,10163,11512,700,Merchandise
1223,10163,10390,1750,Merchandise
1224,10163,11420,1050,Merchandise
1225,10163,10223,350,Merchandise
1226,10163,10101,350,Merchandise
1227,10163,10247,350,Merchandise
1228,10163,11651,350,Merchandise
1229,10163,11670,350,Merchandise
1230,10163,11690,350,Merchandise
1231,10163,11208,350,Merchandise
1232,10163,10148,596,Merchandise
1233,10163,11646,1400,Merchandise
1234,10163,10304,700,Merchandise
1235,10163,10354,350,Merchandise
1236,10163,10394,350,Merchandise
1237,10163,10398,350,Merchandise
1238,10163,10402,350,Merchandise
1239,10163,10426,350,Merchandise
1240,10163,10573,350,Merchandise
1241,10163,10448,350,Merchandise
1242,10323,10130,587,Merchandise
1243,10323,11208,700,Merchandise
1244,10323,10704,350,Merchandise
1245,10323,10115,641,Merchandise
1246,10323,11646,700,Merchandise
1247,10323,10390,713,Merchandise
1248,10323,10328,1233,Merchandise
1249,10323,10448,350,Merchandise
1250,10323,11420,1140,Merchandise
1251,10323,10163,700,Merchandise
1252,10323,10224,929,Merchandise
1253,10323,10285,350,Merchandise
1254,10323,10488,350,Merchandise
1255,10323,10527,350,Merchandise
1256,10323,10553,350,Merchandise
1257,10323,11060,350,Merchandise
1258,10323,11400,350,Merchandise
1259,10323,11678,350,Merchandise
1260,10323,11512,1535,Merchandise
1261,10323,10650,1400,Merchandise
1262,10323,10378,1441,Merchandise
1263,10323,10101,1400,Merchandise
1264,10323,10223,700,Merchandise
1265,10323,10238,700,Merchandise
1266,10323,10247,700,Merchandise
1267,10323,11651,700,Merchandise
1268,10323,11670,700,Merchandise
1269,10323,11690,700,Merchandise
1270,10323,10158,350,Merchandise
1271,10323,10148,350,Merchandise
1272,10323,10023,350,Merchandise
1273,10323,10139,350,Merchandise
1274,10323,10195,350,Merchandise
1275,10323,10242,700,Merchandise
1276,10323,10259,350,Merchandise
1277,10323,10278,350,Merchandise
1278,10323,10279,350,Merchandise
1279,10323,10324,350,Merchandise
1280,10323,10263,350,Merchandise
1281,10323,10264,350,Merchandise
1282,10323,10583,350,Merchandise
1283,10323,11518,350,Merchandise
1284,10323,11012,350,Merchandise
1285,10323,10304,350,Merchandise
1286,10323,10394,350,Merchandise
1287,10323,10398,478,Merchandise
1288,10323,10205,350,Merchandise
1289,10328,10223,1824,Merchandise
1290,10328,10539,1694,Merchandise
1291,10328,11646,1750,Merchandise
1292,10328,10390,1212,Merchandise
1293,10328,10023,1662,Merchandise
1294,10328,10139,1013,Merchandise
1295,10328,10242,700,Merchandise
1296,10328,10278,726,Merchandise
1297,10328,10304,700,Merchandise
1298,10328,10354,700,Merchandise
1299,10328,10527,700,Merchandise
1300,10328,10573,700,Merchandise
1301,10328,10768,530,Merchandise
1302,10328,10775,350,Merchandise
1303,10328,10810,350,Merchandise
1304,10328,10855,350,Merchandise
1305,10328,10323,1841,Merchandise
1306,10328,10163,1050,Merchandise
1307,10328,10224,863,Merchandise
1308,10328,10148,700,Merchandise
1309,10328,10279,947,Merchandise
1310,10328,10324,700,Merchandise
1311,10328,11060,628,Merchandise
1312,10328,11518,350,Merchandise
1313,10328,11678,350,Merchandise
1314,10328,10205,350,Merchandise
1315,10328,10650,350,Merchandise
1316,10328,11488,350,Merchandise
1317,10328,10448,350,Merchandise
1318,10328,10546,700,Merchandise
1319,10328,10238,667,Merchandise
1320,10328,10195,700,Merchandise
1321,10328,10259,350,Merchandise
1322,10328,10158,350,Merchandise
1323,10328,10171,350,Merchandise
1324,10546,10704,700,Merchandise
1325,10546,11208,700,Merchandise
1326,10546,10115,494,Merchandise
1327,10546,10158,350,Merchandise
1328,10546,10913,700,Merchandise
1329,10546,11021,700,Merchandise
1330,10546,11022,700,Merchandise
1331,10546,11646,502,Merchandise
1332,10546,10390,700,Merchandise
1333,10546,10023,350,Merchandise
1334,10546,10139,350,Merchandise
1335,10546,10242,700,Merchandise
1336,10546,10278,350,Merchandise
1337,10546,10304,700,Merchandise
1338,10546,10323,700,Merchandise
1339,10546,10328,700,Merchandise
1340,10546,10448,350,Merchandise
1341,10546,10163,350,Merchandise
1342,10546,10224,350,Merchandise
1343,10546,11420,700,Merchandise
1344,10546,11012,410,Merchandise
1345,10546,10378,350,Merchandise
1346,10546,10394,461,Merchandise
1347,10546,10223,700,Merchandise
1348,10546,10539,700,Merchandise
1349,10546,10101,612,Merchandise
1350,10546,10238,700,Merchandise
1351,10546,10247,350,Merchandise
1352,10546,11651,350,Merchandise
1353,10546,11670,700,Merchandise
1354,10546,11690,700,Merchandise
1355,10546,10650,350,Merchandise
1356,10546,10259,700,Merchandise
1357,10546,10534,350,Merchandise
1358,10055,10913,350,Merchandise
1359,10055,11021,350,Merchandise
1360,10055,11022,350,Merchandise
1361,10055,10223,350,Merchandise
1362,10129,10223,350,Merchandise
1363,10129,10101,350,Merchandise
1364,10129,10238,350,Merchandise
1365,10238,10223,1050,Merchandise
1366,10238,10101,1306,Merchandise
1367,10238,10247,1400,Merchandise
1368,10238,11651,1050,Merchandise
1369,10238,11670,1400,Merchandise
1370,10238,11690,1400,Merchandise
1371,10238,10130,405,Merchandise
1372,10238,10546,700,Merchandise
1373,10238,10539,1050,Merchandise
1374,10238,10259,700,Merchandise
1375,10238,10534,700,Merchandise
1376,10238,11708,700,Merchandise
1377,10238,11711,1050,Merchandise
1378,10238,11715,700,Merchandise
1379,10238,11208,350,Merchandise
1380,10238,10115,350,Merchandise
1381,10238,10328,350,Merchandise
1382,10238,10195,350,Merchandise
1383,10238,10279,350,Merchandise
1384,10238,10324,350,Merchandise
1385,10238,11031,350,Merchandise
1386,10238,11751,350,Merchandise
1387,10238,11008,350,Merchandise
1388,10238,10415,350,Merchandise
1389,10318,10223,350,Merchandise
1390,10318,10101,350,Merchandise
1391,10318,10238,350,Merchandise
1392,10318,10247,350,Merchandise
1393,10534,10223,350,Merchandise
1394,10534,10101,350,Merchandise
1395,10534,10238,350,Merchandise
1396,10534,10247,350,Merchandise
1397,10534,11651,350,Merchandise
1398,10534,11670,350,Merchandise
1399,10534,11690,350,Merchandise
1400,11670,10223,350,Merchandise
1401,11670,10101,350,Merchandise
1402,11670,10238,350,Merchandise
1403,11670,10546,700,Merchandise
1404,11670,10539,700,Merchandise
1405,11670,10259,700,Merchandise
1406,11670,10534,700,Merchandise
1407,11670,11690,700,Merchandise
1408,11670,11708,700,Merchandise
1409,11670,11711,700,Merchandise
1410,11670,11715,700,Merchandise
1411,10448,10158,700,Merchandise
1412,10448,10171,543,Merchandise
1413,10448,11208,350,Merchandise
1414,10448,10115,358,Merchandise
1415,10448,11646,1347,Merchandise
1416,10448,10023,1400,Merchandise
1417,10448,10390,2100,Merchandise
1418,10448,10139,1050,Merchandise
1419,10448,10242,1400,Merchandise
1420,10448,10278,1028,Merchandise
1421,10448,11420,1228,Merchandise
1422,10448,10304,1050,Merchandise
1423,10448,10354,700,Merchandise
1424,10448,10394,700,Merchandise
1425,10448,10398,700,Merchandise
1426,10448,10402,700,Merchandise
1427,10448,10426,700,Merchandise
1428,10448,10573,700,Merchandise
1429,10448,10623,700,Merchandise
1430,10448,10637,700,Merchandise
1431,10448,10652,700,Merchandise
1432,10448,10707,700,Merchandise
1433,10448,10768,1050,Merchandise
1434,10448,10775,645,Merchandise
1435,10448,10163,1050,Merchandise
1436,10448,10323,1050,Merchandise
1437,10448,10224,700,Merchandise
1438,10448,10488,435,Merchandise
1439,10448,10527,640,Merchandise
1440,10448,11512,350,Merchandise
1441,10448,11012,350,Merchandise
1442,10448,10378,350,Merchandise
1443,10448,10708,350,Merchandise
1444,10448,10810,700,Merchandise
1445,10448,10831,350,Merchandise
1446,10448,10894,350,Merchandise
1447,10448,10956,350,Merchandise
1448,10448,10148,350,Merchandise
1449,10448,11694,350,Merchandise
1450,10224,10223,350,Merchandise
1451,10224,10101,350,Merchandise
1452,10224,10238,350,Merchandise
1453,10224,10247,350,Merchandise
1454,10224,11651,350,Merchandise
1455,10224,11670,350,Merchandise
1456,10224,11690,350,Merchandise
1457,10224,11488,350,Merchandise
1458,10224,10448,350,Merchandise
1459,10224,10163,350,Merchandise
1460,10224,11646,732,Merchandise
1461,10224,10390,700,Merchandise
1462,10224,10139,700,Merchandise
1463,10224,10242,700,Merchandise
1464,10224,10304,700,Merchandise
1465,10224,10354,700,Merchandise
1466,10224,10488,350,Merchandise
1467,10224,10527,700,Merchandise
1468,10224,10553,350,Merchandise
1469,10224,10573,700,Merchandise
1470,10224,10768,700,Merchandise
1471,10224,10810,700,Merchandise
1472,10224,11400,350,Merchandise
1473,10224,10704,350,Merchandise
1474,10224,10148,350,Merchandise
1475,10224,11512,350,Merchandise
1476,10224,10650,350,Merchandise
1477,10224,10023,350,Merchandise
1478,10224,10278,350,Merchandise
1479,10224,10775,350,Merchandise
1480,10224,10855,350,Merchandise
1481,10224,10894,350,Merchandise
1482,10224,10956,350,Merchandise
1483,10224,10957,350,Merchandise
1484,10224,11033,350,Merchandise
1485,10224,11073,350,Merchandise
1486,10224,11077,350,Merchandise
1487,10224,11428,350,Merchandise
1488,10224,11656,350,Merchandise
1489,10224,11702,350,Merchandise
1490,10224,11703,350,Merchandise
1491,10224,11727,350,Merchandise
1492,10224,10248,16551,Merchandise
1493,10285,10223,350,Merchandise
1494,10285,10101,350,Merchandise
1495,10285,10238,350,Merchandise
1496,10285,10247,350,Merchandise
1497,10096,10546,402,Merchandise
1498,10096,10539,350,Merchandise
1499,10096,10238,350,Merchandise
1500,10096,10259,350,Merchandise
1501,10139,10323,700,Merchandise
1502,10139,10328,522,Merchandise
1503,10139,11512,700,Merchandise
1504,10139,11012,350,Merchandise
1505,10139,10390,350,Merchandise
1506,10139,11420,350,Merchandise
1507,10139,10223,1050,Merchandise
1508,10139,10704,350,Merchandise
1509,10139,10101,350,Merchandise
1510,10139,10238,350,Merchandise
1511,10139,10247,700,Merchandise
1512,10139,11651,700,Merchandise
1513,10139,11670,700,Merchandise
1514,10139,11690,545,Merchandise
1515,10139,10448,350,Merchandise
1516,10139,10163,373,Merchandise
1517,10139,10224,700,Merchandise
1518,10139,10488,350,Merchandise
1519,10139,10527,350,Merchandise
1520,10139,10553,350,Merchandise
1521,10139,11060,350,Merchandise
1522,10139,11400,350,Merchandise
1523,10139,10263,350,Merchandise
1524,10186,10148,350,Merchandise
1525,10186,11694,350,Merchandise
1526,10205,10148,350,Merchandise
1527,10205,11694,350,Merchandise
1528,10205,10158,350,Merchandise
1529,10205,10163,350,Merchandise
1530,10205,10096,2222,Merchandise
1531,10205,11518,459,Merchandise
1532,10205,10968,453,Merchandise
1533,10205,10318,17359,Merchandise
1534,10263,10148,350,Merchandise
1535,10263,11694,350,Merchandise
1536,10263,11646,970,Merchandise
1537,10263,10023,700,Merchandise
1538,10263,10390,700,Merchandise
1539,10263,10139,419,Merchandise
1540,10263,10242,350,Merchandise
1541,10263,10278,350,Merchandise
1542,10263,10304,350,Merchandise
1543,10263,10354,350,Merchandise
1544,10263,10527,700,Merchandise
1545,10263,10573,350,Merchandise
1546,10263,10768,350,Merchandise
1547,10263,10775,350,Merchandise
1548,10263,10810,350,Merchandise
1549,10263,10855,350,Merchandise
1550,10263,10894,350,Merchandise
1551,10263,10956,350,Merchandise
1552,10263,10957,350,Merchandise
1553,10263,11033,350,Merchandise
1554,10263,11073,350,Merchandise
1555,10263,11077,350,Merchandise
1556,10263,11428,350,Merchandise
1557,10263,11656,350,Merchandise
1558,10263,11702,350,Merchandise
1559,10263,11703,350,Merchandise
1560,10263,11727,350,Merchandise
1561,10263,11420,350,Merchandise
1562,10263,10163,700,Merchandise
1563,10263,10323,777,Merchandise
1564,10263,10704,350,Merchandise
1565,10263,10115,350,Merchandise
1566,10263,10546,350,Merchandise
1567,10263,10539,350,Merchandise
1568,10263,10238,350,Merchandise
1569,10263,10259,350,Merchandise
1570,10263,10534,350,Merchandise
1571,10263,11670,350,Merchandise
1572,10263,11690,350,Merchandise
1573,10263,11708,350,Merchandise
1574,10263,11711,350,Merchandise
1575,10263,11715,350,Merchandise
1576,10263,10448,350,Merchandise
1577,10263,10224,350,Merchandise
1578,10263,10488,350,Merchandise
1579,10263,10553,350,Merchandise
1580,10263,11060,350,Merchandise
1581,10263,11400,350,Merchandise
1582,10263,10181,1422,Merchandise
1583,10415,10148,673,Merchandise
1584,10415,10130,350,Merchandise
1585,10415,11694,350,Merchandise
1586,10415,10023,1050,Merchandise
1587,10415,10390,1050,Merchandise
1588,10415,11420,1050,Merchandise
1589,10415,11646,1050,Merchandise
1590,10415,10139,700,Merchandise
1591,10415,10242,1050,Merchandise
1592,10415,10278,1050,Merchandise
1593,10415,10304,700,Merchandise
1594,10415,10354,655,Merchandise
1595,10415,10163,350,Merchandise
1596,10415,10328,700,Merchandise
1597,10415,10323,700,Merchandise
1598,10415,10195,700,Merchandise
1599,10415,10324,700,Merchandise
1600,10415,10527,350,Merchandise
1601,10415,10279,350,Merchandise
1602,10415,11060,350,Merchandise
1603,10415,10115,350,Merchandise
1604,10415,10704,350,Merchandise
1605,10415,11012,350,Merchandise
1606,10415,10394,350,Merchandise
1607,10415,10398,574,Merchandise
1608,10415,10539,350,Merchandise
1609,10415,10546,350,Merchandise
1610,10415,10259,350,Merchandise
1611,10415,10534,350,Merchandise
1612,10415,11670,350,Merchandise
1613,10415,11690,350,Merchandise
1614,10415,11708,350,Merchandise
1615,10415,10448,350,Merchandise
1616,10415,10402,350,Merchandise
1617,10415,10426,350,Merchandise
1618,10415,10345,899,Merchandise
1619,10279,10023,1050,Merchandise
1620,10279,11646,485,Merchandise
1621,10279,10163,700,Merchandise
1622,10279,10328,1050,Merchandise
1623,10279,10323,1075,Merchandise
1624,10279,10390,350,Merchandise
1625,10279,10139,381,Merchandise
1626,10279,10195,700,Merchandise
1627,10279,10324,350,Merchandise
1628,10279,10546,350,Merchandise
1629,10279,10539,350,Merchandise
1630,10279,10238,474,Merchandise
1631,10279,10223,350,Merchandise
1632,10279,10101,350,Merchandise
1633,10279,10247,350,Merchandise
1634,10279,11651,350,Merchandise
1635,10279,11670,350,Merchandise
1636,10279,11690,350,Merchandise
1637,10279,11488,350,Merchandise
1638,10324,10223,350,Merchandise
1639,10324,10101,350,Merchandise
1640,10032,11512,700,Merchandise
1641,10032,10650,404,Merchandise
1642,10032,10378,350,Merchandise
1643,10101,10130,1050,Merchandise
1644,10101,10023,700,Merchandise
1645,10101,11646,540,Merchandise
1646,10101,10328,699,Merchandise
1647,10101,10323,549,Merchandise
1648,10101,10546,1050,Merchandise
1649,10101,10539,1050,Merchandise
1650,10101,10238,1050,Merchandise
1651,10101,10259,1050,Merchandise
1652,10101,10534,973,Merchandise
1653,10101,11670,1400,Merchandise
1654,10101,11690,1400,Merchandise
1655,10101,11708,700,Merchandise
1656,10101,11711,700,Merchandise
1657,10101,11715,700,Merchandise
1658,10101,10163,350,Merchandise
1659,10101,11012,350,Merchandise
1660,10101,10223,1050,Merchandise
1661,10101,10247,700,Merchandise
1662,10101,11651,700,Merchandise
1663,10101,10158,350,Merchandise
1664,10101,10171,350,Merchandise
1665,10101,10288,350,Merchandise
1666,10101,10913,350,Merchandise
1667,10101,11021,350,Merchandise
1668,10247,10130,350,Merchandise
1669,10247,10223,1042,Merchandise
1670,10247,10101,350,Merchandise
1671,10247,10238,350,Merchandise
1672,10247,11651,350,Merchandise
1673,10247,11670,1050,Merchandise
1674,10247,11690,1050,Merchandise
1675,10247,10546,700,Merchandise
1676,10247,10539,1050,Merchandise
1677,10247,10259,700,Merchandise
1678,10247,10534,700,Merchandise
1679,10247,11708,700,Merchandise
1680,10247,11711,700,Merchandise
1681,10247,11715,700,Merchandise
1682,10247,10328,350,Merchandise
1683,10247,10195,350,Merchandise
1684,10247,10279,350,Merchandise
1685,10248,10130,350,Merchandise
1686,10248,10223,350,Merchandise
1687,10248,10101,350,Merchandise
1688,10248,10238,350,Merchandise
1689,11603,10130,350,Merchandise
1690,11603,10223,350,Merchandise
1691,10264,11646,350,Merchandise
1692,10264,10023,700,Merchandise
1693,10264,10390,350,Merchandise
1694,10264,10139,700,Merchandise
1695,10264,10242,700,Merchandise
1696,10264,10278,700,Merchandise
1697,10264,10304,350,Merchandise
1698,10264,10354,700,Merchandise
1699,10264,10527,700,Merchandise
1700,10264,10573,700,Merchandise
1701,10264,10768,350,Merchandise
1702,10264,10775,410,Merchandise
1703,10264,10810,350,Merchandise
1704,10264,10855,350,Merchandise
1705,10264,10894,350,Merchandise
1706,10264,10956,350,Merchandise
1707,10264,10957,350,Merchandise
1708,10264,11033,350,Merchandise
1709,10264,11073,350,Merchandise
1710,10264,11077,350,Merchandise
1711,10264,11428,350,Merchandise
1712,10264,11656,350,Merchandise
1713,10264,11702,350,Merchandise
1714,10264,11703,350,Merchandise
1715,10264,11727,350,Merchandise
1716,10264,10546,350,Merchandise
1717,10264,10539,350,Merchandise
1718,10264,10238,350,Merchandise
1719,10264,10259,700,Merchandise
1720,10264,10534,350,Merchandise
1721,10264,11670,350,Merchandise
1722,10264,11690,350,Merchandise
1723,10264,11708,350,Merchandise
1724,10264,11711,350,Merchandise
1725,10264,11715,350,Merchandise
1726,10264,10163,350,Merchandise
1727,10264,10323,350,Merchandise
1728,10264,10224,350,Merchandise
1729,10264,10488,350,Merchandise
1730,10264,10553,350,Merchandise
1731,10264,11060,350,Merchandise
1732,10264,11400,350,Merchandise
1733,10264,11678,350,Merchandise
1734,10264,10328,350,Merchandise
1735,10264,10195,350,Merchandise
1736,10264,10279,350,Merchandise
1737,10264,10324,350,Merchandise
1738,10264,10133,350,Merchandise
1739,10264,10309,6023,Merchandise
1740,10583,11646,350,Merchandise
1741,10583,10023,350,Merchandise
1742,10583,10390,700,Merchandise
1743,10583,10139,350,Merchandise
1744,10583,10242,700,Merchandise
1745,10583,10278,350,Merchandise
1746,10583,10304,403,Merchandise
1747,10583,10354,350,Merchandise
1748,10583,10527,700,Merchandise
1749,10583,10573,350,Merchandise
1750,10583,10768,350,Merchandise
1751,10583,10775,350,Merchandise
1752,10583,10810,350,Merchandise
1753,10583,10855,350,Merchandise
1754,10583,10894,350,Merchandise
1755,10583,10956,350,Merchandise
1756,10583,10957,350,Merchandise
1757,10583,11033,350,Merchandise
1758,10583,11073,350,Merchandise
1759,10583,11077,350,Merchandise
1760,10583,11428,350,Merchandise
1761,10583,11656,350,Merchandise
1762,10583,11702,350,Merchandise
1763,10583,11703,350,Merchandise
1764,10583,11727,350,Merchandise
1765,10583,10546,350,Merchandise
1766,10583,10539,700,Merchandise
1767,10583,10238,350,Merchandise
1768,10583,10259,350,Merchandise
1769,10583,10534,350,Merchandise
1770,10583,11670,350,Merchandise
1771,10583,11690,350,Merchandise
1772,10583,11708,350,Merchandise
1773,10583,11711,350,Merchandise
1774,10583,11715,350,Merchandise
1775,10583,10163,350,Merchandise
1776,10583,10323,350,Merchandise
1777,10583,10224,350,Merchandise
1778,10583,10488,350,Merchandise
1779,10583,10553,350,Merchandise
1780,10583,11060,350,Merchandise
1781,10583,11400,350,Merchandise
1782,10583,11678,350,Merchandise
1783,10583,10133,350,Merchandise
1784,10583,10186,350,Merchandise
1785,10583,11512,350,Merchandise
1786,10583,10101,668,Merchandise
1787,10583,11012,350,Merchandise
1788,10583,11420,350,Merchandise
1789,10583,10223,350,Merchandise
1790,10583,10328,350,Merchandise
1791,10583,10026,726,Merchandise
1792,11518,11646,350,Merchandise
1793,11518,10023,350,Merchandise
1794,11518,10390,350,Merchandise
1795,11518,10139,350,Merchandise
1796,11518,10242,350,Merchandise
1797,11518,10278,350,Merchandise
1798,11518,10304,350,Merchandise
1799,11518,10354,350,Merchandise
1800,11518,10527,660,Merchandise
1801,11518,10546,350,Merchandise
1802,11518,10539,1050,Merchandise
1803,11518,10238,1249,Merchandise
1804,11518,10163,350,Merchandise
1805,11518,10323,700,Merchandise
1806,11518,10224,700,Merchandise
1807,11518,10488,350,Merchandise
1808,11518,10223,1750,Merchandise
1809,11518,10328,700,Merchandise
1810,11518,10101,1505,Merchandise
1811,11518,10195,350,Merchandise
1812,11518,10247,1050,Merchandise
1813,11518,10279,350,Merchandise
1814,11518,10324,350,Merchandise
1815,11518,11031,350,Merchandise
1816,11518,11651,1050,Merchandise
1817,11518,11711,350,Merchandise
1818,11518,11751,350,Merchandise
1819,11518,11488,350,Merchandise
1820,11518,10109,350,Merchandise
1821,11518,11512,350,Merchandise
1822,11518,11420,350,Merchandise
1823,11518,10650,350,Merchandise
1824,11518,11670,700,Merchandise
1825,11518,11690,700,Merchandise
1826,11518,10205,1178,Merchandise
1827,10026,10704,350,Merchandise
1828,10026,10223,350,Merchandise
1829,10026,10101,350,Merchandise
1830,10242,11012,700,Merchandise
1831,10242,10650,350,Merchandise
1832,10242,11420,700,Merchandise
1833,10242,10378,437,Merchandise
1834,10242,10394,350,Merchandise
1835,10242,10398,350,Merchandise
1836,10242,10402,350,Merchandise
1837,10242,10448,350,Merchandise
1838,10242,10223,350,Merchandise
1839,10195,10223,350,Merchandise
1840,10195,10101,350,Merchandise
1841,10195,10238,350,Merchandise
1842,10195,10247,350,Merchandise
1843,10195,11651,350,Merchandise
1844,10195,11670,350,Merchandise
1845,10195,11690,350,Merchandise
1846,11488,10158,700,Merchandise
1847,11488,10171,700,Merchandise
1848,11488,10288,700,Merchandise
1849,11488,10299,700,Merchandise
1850,11488,11457,700,Merchandise
1851,11488,11008,700,Merchandise
1852,11488,10133,953,Merchandise
1853,11488,10109,700,Merchandise
1854,11488,10126,700,Merchandise
1855,11488,10127,700,Merchandise
1856,11488,10131,350,Merchandise
1857,11488,10155,700,Merchandise
1858,11488,10308,2171,Merchandise
1859,11488,10309,700,Merchandise
1860,11488,10345,700,Merchandise
1861,11488,10347,700,Merchandise
1862,11488,10353,700,Merchandise
1863,11488,11487,700,Merchandise
1864,11488,11490,700,Merchandise
1865,11488,10223,350,Merchandise
1866,11488,10247,350,Merchandise
1867,11488,11208,3752,Merchandise
1868,11488,11646,12488,Merchandise
1869,11488,10116,7743,Merchandise
1870,11488,11512,2337,Merchandise
1871,11488,11420,2232,Merchandise
1872,10109,10158,700,Merchandise
1873,10109,10171,615,Merchandise
1874,10109,10288,350,Merchandise
1875,10109,10299,350,Merchandise
1876,10109,11488,493,Merchandise
1877,10109,10126,350,Merchandise
1878,10109,10127,350,Merchandise
1879,10109,10131,350,Merchandise
1880,10378,11512,1529,Merchandise
1881,10378,10650,1912,Merchandise
1882,10378,10913,350,Merchandise
1883,10378,10704,700,Merchandise
1884,10378,11208,896,Merchandise
1885,10378,10398,1351,Merchandise
1886,10378,10417,1050,Merchandise
1887,10378,10640,700,Merchandise
1888,10378,10641,700,Merchandise
1889,10378,10707,700,Merchandise
1890,10378,10831,833,Merchandise
1891,10378,10115,1050,Merchandise
1892,10378,11012,1479,Merchandise
1893,10378,10394,920,Merchandise
1894,10378,10708,350,Merchandise
1895,10378,10778,350,Merchandise
1896,10378,10785,350,Merchandise
1897,10378,10390,700,Merchandise
1898,10378,11420,700,Merchandise
1899,10378,10546,350,Merchandise
1900,10553,10163,700,Merchandise
1901,10553,10323,598,Merchandise
1902,10553,10224,700,Merchandise
1903,10553,10328,350,Merchandise
1904,10553,10263,350,Merchandise
1905,10553,10264,350,Merchandise
1906,10553,10223,350,Merchandise
1907,10553,10101,350,Merchandise
1908,10553,11488,350,Merchandise
1909,10553,10109,350,Merchandise
1910,10553,10126,350,Merchandise
1911,10553,10127,350,Merchandise
1912,10553,10131,350,Merchandise
1913,11651,10546,700,Merchandise
1914,11651,10539,700,Merchandise
1915,11651,10259,700,Merchandise
1916,11651,10534,700,Merchandise
1917,11651,11670,700,Merchandise
1918,11651,11690,700,Merchandise
1919,11651,11708,700,Merchandise
1920,11651,11711,700,Merchandise
1921,11651,11715,700,Merchandise
1922,11690,10546,700,Merchandise
1923,11690,10539,700,Merchandise
1924,11690,10259,700,Merchandise
1925,11690,10534,700,Merchandise
1926,11690,11670,700,Merchandise
1927,11690,11708,700,Merchandise
1928,11690,11711,700,Merchandise
1929,11690,11715,700,Merchandise
1930,10181,10158,350,Merchandise
1931,10181,10171,350,Merchandise
1932,10181,10288,350,Merchandise
1933,10296,10023,350,Merchandise
1934,10296,10390,350,Merchandise
1935,10296,11420,350,Merchandise
1936,10380,10390,350,Merchandise
1937,10380,11012,350,Merchandise
1938,10380,11420,350,Merchandise
1939,10380,10242,350,Merchandise
1940,10398,11512,350,Merchandise
1941,10398,11420,700,Merchandise
1942,10398,10402,350,Merchandise
1943,10398,10640,608,Merchandise
1944,10398,10641,350,Merchandise
1945,10398,10707,350,Merchandise
1946,10398,10831,350,Merchandise
1947,10398,10985,350,Merchandise
1948,10398,11099,350,Merchandise
1949,10398,11012,350,Merchandise
1950,10398,10417,350,Merchandise
1951,10402,11512,350,Merchandise
1952,10402,11420,350,Merchandise
1953,10402,10398,350,Merchandise
1954,10402,10640,350,Merchandise
1955,11457,10158,379,Merchandise
1956,10125,11488,553,Merchandise
1957,11751,11727,38717,Merchandise
1958,10115,10704,350,Automobile
1959,10115,11012,350,Automobile
1960,10115,11208,673,Automobile
1961,10158,10390,678,Automobile
1962,10158,10448,350,Automobile
1963,10158,11420,569,Automobile
1964,10158,10023,350,Automobile
1965,10158,10223,1917,Automobile
1966,10158,11008,507,Automobile
1967,10650,10448,350,Automobile
1968,10650,10223,350,Automobile
1969,10704,10115,350,Automobile
1970,10704,11646,350,Automobile
1971,10704,11012,350,Automobile
1972,11012,10023,879,Automobile
1973,11012,11646,743,Automobile
1974,11012,10448,700,Automobile
1975,11012,11420,509,Automobile
1976,11012,10223,364,Automobile
1977,11012,10390,452,Automobile
1978,10023,11646,700,Automobile
1979,10023,11420,548,Automobile
1980,10023,10448,350,Automobile
1981,10023,10390,350,Automobile
1982,10390,10223,1400,Automobile
1983,10390,11012,350,Automobile
1984,10390,10704,350,Automobile
1985,10390,10163,350,Automobile
1986,10390,10328,350,Automobile
1987,10390,10158,350,Automobile
1988,10390,11512,350,Automobile
1989,11646,10223,603,Automobile
1990,11646,11012,350,Automobile
1991,11646,10704,350,Automobile
1992,11646,10115,483,Automobile
1993,11646,11420,5502,Automobile
1994,11646,10023,465,Automobile
1995,11646,10158,471,Automobile
1996,11646,10328,350,Automobile
1997,11646,11488,3184,Automobile
1998,11646,11208,5943,Automobile
1999,11646,11512,1860,Automobile
2000,11420,11646,5201,Automobile
2001,11420,10390,1050,Automobile
2002,11420,10023,350,Automobile
2003,11420,10539,350,Automobile
2004,11420,11012,700,Automobile
2005,11420,10158,350,Automobile
2006,11420,11208,6283,Automobile
2007,11420,11512,4101,Automobile
2008,11420,11488,1431,Automobile
2009,10448,10158,700,Automobile
2010,10448,10390,350,Automobile
2011,10448,11420,350,Automobile
2012,10448,11646,350,Automobile
2013,10448,10115,350,Automobile
2014,10448,10704,350,Automobile
2015,10448,11488,350,Automobile
2016,10448,10223,350,Automobile
2017,11512,10448,350,Automobile
2018,11512,11646,1187,Automobile
2019,11512,10223,614,Automobile
2020,11512,10158,350,Automobile
2021,11512,11208,1113,Automobile
2022,11512,11420,2211,Automobile
2023,11208,10704,350,Automobile
2024,11208,10448,350,Automobile
2025,11208,11646,5036,Automobile
2026,11208,10223,350,Automobile
2027,11208,11488,1946,Automobile
2028,11208,11512,1626,Automobile
2029,11208,11420,5088,Automobile
2030,10223,10158,595,Automobile
2031,10223,11208,700,Automobile
2032,10223,10546,350,Automobile
2033,10223,10448,1050,Automobile
2034,10223,11420,1050,Automobile
2035,10223,10390,1050,Automobile
2036,10223,11646,932,Automobile
2037,11488,11208,1132,Automobile
2038,11488,11646,2687,Automobile
2039,11488,11512,656,Automobile
2040,11488,11420,944,Automobile
2041,10546,10323,436,Automobile
2042,10539,10546,679,Automobile
2043,10163,10133,356,Automobile
2044,11751,11727,2984,Automobile
