yard_id,yard_name,yard_level,yard_type,handling_capacity,sent_demand,received_demand,usage
10023,GATEWAY,1,hump,30000,30000,30000,1
10115,AUBURN,1,hump,30000,30000,30000,1
10133,BILLINGS,1,hump,30000,30000,17738,1
10158,COMMERCE YARD,1,hump,30000,30000,30000,1
10163,DAYTON'S BLUFF YARD,1,hump,30000,30000,30000,1
10223,IRVING,1,hump,100000,94188,100000,1
10323,SOUTH SIOUX CITY,1,hump,30000,30000,30000,1
10328,ST JOSEPH,1,hump,30000,30000,30000,1
10390,22ND ST,1,hump,30000,30000,30000,1
10448,ECANABA YARD,1,hump,30000,30000,30000,1
10539,DEQUEEN,1,hump,30000,30000,30000,1
10546,GALEWOOD,1,hump,30000,30000,30000,1
10650,SOUTH PLAINFIELD,1,hump,30000,30000,30000,1
10704,BOYLES,1,hump,30000,30000,30000,1
11008,RUPERT,1,hump,30000,21447,19124,0.7149
11012,JOHNSON CITY,1,hump,30000,30000,30000,1
11208,BROSNAN,1,hump,30000,30000,30000,1
11420,WATKINS ROAD,1,hump,30000,30000,30000,1
11488,HOQUIAM YARD,1,hump,30000,21227,30000,1
11512,SOUTH WORCESTER,1,hump,100000,100000,100000,1
11646,CUDAHY YARD,1,hump,30000,30000,30000,1
10026,14TH ST,2,major_flat,1500,0,0,0
10032,HARTFORD,2,major_flat,1500,0,0,0
10055,HEALY,2,major_flat,1500,0,0,0
10096,ABILENE (BNSF),2,major_flat,1500,0,0,0
10098,ALBUQUERQUE-ABAJO,2,major_flat,1500,0,0,0
10101,AMARILLO,2,major_flat,20000,0,0,0
10109,ARGO,2,major_flat,20000,0,0,0
10116,AUBURN YARD,2,major_flat,1500,0,0,0
10125,BAY,2,major_flat,1500,0,0,0
10126,BAYSIDE,2,major_flat,20000,0,0,0
10127,BAYSIDE YARD,2,major_flat,20000,0,0,0
10129,BEAUMONT,2,major_flat,1500,0,0,0
10130,BELEN,2,major_flat,20000,0,0,0
10131,BELLINGHAM,2,major_flat,20000,0,0,0
10139,BUENA VISTA,2,major_flat,20000,0,0,0
10148,CHEYENNE (BNSF),2,major_flat,20000,0,0,0
10155,COACH,2,major_flat,20000,0,0,0
10171,DU POINT YARD,2,major_flat,20000,0,0,0
10181,ELLIOT YARD,2,major_flat,1500,0,0,0
10186,ESSEX,2,major_flat,20000,0,0,0
10195,FT SCOTT,2,major_flat,20000,0,0,0
10205,GILLETTE,2,major_flat,1500,0,0,0
10224,JAMESTOWN,2,major_flat,20000,0,0,0
10238,LETOURNEAU NORTH,2,major_flat,20000,0,0,0
10242,LOGISTICS PARK CHICAGO,2,major_flat,20000,0,0,0
10247,LOWER LUBBOCK,2,major_flat,20000,0,0,0
10248,LUBBOCK,2,major_flat,1500,0,0,0
10259,MEMPHIS INTERMODAL,2,major_flat,20000,0,0,0
10263,MILES CITY,2,major_flat,20000,0,0,0
10264,MINOT,2,major_flat,20000,0,0,0
10278,NORTH ST LOUIS,2,major_flat,20000,0,0,0
10279,NORTH WICHITA,2,major_flat,20000,0,0,0
10285,ORE DOCK YARD,2,major_flat,1500,0,0,0
10288,PICO RIVERA YARD,2,major_flat,20000,0,0,0
10296,RENTON,2,major_flat,1500,0,0,0
10299,RIVERBANK YARD,2,major_flat,20000,0,0,0
10304,SAGINAW,2,major_flat,20000,0,0,0
10308,SEATTLE INTMDL GATE,2,major_flat,20000,0,0,0
10309,SEATTLE TERMINAL #5,2,major_flat,1500,0,0,0
10318,SOMERVILLE,2,major_flat,1500,0,0,0
10324,SOUTH TOPEKA,2,major_flat,20000,0,0,0
10333,STREATOR,2,major_flat,1500,0,0,0
10345,VAN ASSELT,2,major_flat,20000,0,0,0
10347,VANCOUVER TERM #2,2,major_flat,20000,0,0,0
10353,WENATCHEE YARD,2,major_flat,20000,0,0,0
10354,WEST BURLINGTON,2,major_flat,20000,0,0,0
10378,BUTLER,2,major_flat,20000,0,0,0
10380,EAST BUTLER,2,major_flat,1500,0,0,0
10394,STEARNS,2,major_flat,20000,0,0,0
10398,VON WILLER,2,major_flat,20000,0,0,0
10402,CRESTLINE,2,major_flat,20000,0,0,0
10415,CEDAR SPRINGS,2,major_flat,20000,0,0,0
10417,MOREHEAD CITY,2,major_flat,20000,0,0,0
10426,BOC,2,major_flat,20000,0,0,0
10488,POKEGAMA YARD,2,major_flat,20000,0,0,0
10527,AUSTIN,2,major_flat,20000,0,0,0
10534,CHAISSON,2,major_flat,20000,0,0,0
10553,HUMBOLDT YARD,2,major_flat,20000,0,0,0
10573,NAHANT,2,major_flat,20000,0,0,0
10583,PORTAL,2,major_flat,20000,0,0,0
10623,HUBER,2,major_flat,20000,0,0,0
10637,MOUND ROAD,2,major_flat,20000,0,0,0
10640,PAVONIA,2,major_flat,20000,0,0,0
10641,POINIER STREET,2,major_flat,20000,0,0,0
10652,STERLING AUTOLOAD,2,major_flat,20000,0,0,0
10707,BREWER,2,major_flat,20000,0,0,0
10708,BRISTOW,2,major_flat,20000,0,0,0
10768,ENSEL,2,major_flat,20000,0,0,0
10775,FEDERAL,2,major_flat,20000,0,0,0
10778,FLORENCE,2,major_flat,20000,0,0,0
10784,FORT DEVENS,2,major_flat,20000,0,0,0
10785,FR,2,major_flat,20000,0,0,0
10810,HILLERY,2,major_flat,20000,0,0,0
10831,KEYSER,2,major_flat,20000,0,0,0
10855,MEMPHIS JCT,2,major_flat,20000,0,0,0
10858,MIDDLEBORO,2,major_flat,20000,0,0,0
10894,OSBORN,2,major_flat,20000,0,0,0
10913,PRITCHARD,2,major_flat,20000,0,0,0
10956,STANLEY,2,major_flat,20000,0,0,0
10957,STATE STREET,2,major_flat,20000,0,0,0
10968,UNION CITY,2,major_flat,20000,0,0,0
10976,WAYNE (CSXT),2,major_flat,20000,0,0,0
10985,WOODBOURNE,2,major_flat,20000,0,0,0
11021,HIALEAH (FEC),2,major_flat,20000,0,0,0
11022,NEW SMYRNA BEACH,2,major_flat,20000,0,0,0
11031,FORT CHAFFEE,2,major_flat,20000,0,0,0
11033,ARSENAL,2,major_flat,20000,0,0,0
11060,CBGR (WAB) YARD,2,major_flat,20000,0,0,0
11073,CONMIL,2,major_flat,20000,0,0,0
11077,SENATE AVE,2,major_flat,20000,0,0,0
11099,INSTITUTE,2,major_flat,20000,0,0,0
11400,SOUTH FORK,2,major_flat,20000,0,0,0
11428,WILDS,2,major_flat,20000,0,0,0
11457,BERTH 200 WEST BASIN ICTF YARD,2,major_flat,20000,0,0,0
11487,HOQUIAM,2,major_flat,20000,0,0,0
11490,TERMINAL 4 ON-SIDE DOCK,2,major_flat,20000,0,0,0
11518,BELLE FORCHE,2,major_flat,20000,0,0,0
11603,ALFALFA,2,major_flat,20000,0,0,0
11651,DAVIDSON (CENTENNIAL),2,major_flat,20000,0,0,0
11656,DUPO,2,major_flat,20000,0,0,0
11670,EUREKA,2,major_flat,20000,0,0,0
11678,FREMONT (UP),2,major_flat,20000,0,0,0
11690,HARDY STREET,2,major_flat,20000,0,0,0
11694,HELPER,2,major_flat,20000,0,0,0
11702,IVORY,2,major_flat,20000,0,0,0
11703,JEFFERSON CITY,2,major_flat,20000,0,0,0
11708,KINDER-MORGAN,2,major_flat,20000,0,0,0
11711,LAKE HAYES,2,major_flat,20000,0,0,0
11715,LIVONIA,2,major_flat,20000,0,0,0
11727,MALDEN,2,major_flat,20000,0,0,0
11751,MUSKOGEE,2,major_flat,20000,0,0,0
10002,OTTAWA,3,local,1500,0,0,0
10003,OTTAWA SOUTH,3,local,1500,0,0,0
10005,BIRMINGHAM (ABWR),3,local,1500,0,0,0
10008,ALBANY YARD,3,local,1500,0,0,0
10010,MAGNOLIA,3,local,1500,0,0,0
10011,MOBILE (AGR),3,local,1500,0,0,0
10013,HELENA,3,local,1500,0,0,0
10015,MCGEHEE (AKMD),3,local,1500,0,0,0
10017,MOBILE (CN),3,local,1500,0,0,0
10020,MONROE STATION,3,local,1500,0,0,0
10021,ALTON & SOUTHERN,3,local,1500,0,0,0
10022,EAST ST LOUIS AUTORAMP,3,local,1500,0,0,0
10025,FT SMITH (AM),3,local,1500,0,0,0
10027,ALBANY AMTRAK SHOPS,3,local,1500,0,0,0
10028,BAYVIEW (NS),3,local,1500,0,0,0
10029,BEAR SHOPS,3,local,1500,0,0,0
10030,BOTSFORD,3,local,1500,0,0,0
10031,HARRISON,3,local,1500,0,0,0
10033,HINMAN,3,local,1500,0,0,0
10042,WEST ALBANY,3,local,1500,0,0,0
10048,ALIQUIPPA,3,local,1500,0,0,0
10049,BLACKS RUN,3,local,1500,0,0,0
10050,KENWOOD,3,local,1500,0,0,0
10051,PORT OF ALBANY,3,local,1500,0,0,0
10060,PARKER YARD,3,local,1500,0,0,0
10063,KENNEY,3,local,1500,0,0,0
10064,SHARPSBURG (AVR),3,local,1500,0,0,0
10065,VERONA,3,local,1500,0,0,0
10066,GARDEN CITY #1,3,local,1500,0,0,0
10068,ANACONDA,3,local,1500,0,0,0
10069,EAST ANACONDA,3,local,1500,0,0,0
10071,SHERMAN,3,local,1500,0,0,0
10073,EAST CHARLOTTESVILLE,3,local,1500,0,0,0
10078,LEWISTON,3,local,1500,0,0,0
10081,ENSLEY,3,local,1500,0,0,0
10082,EXUM,3,local,1500,0,0,0
10083,FLINTRIDGE,3,local,1500,0,0,0
10088,OTTUMWA (BJRY),3,local,1500,0,0,0
10089,14TH ST COACH,3,local,1500,0,0,0
10090,17TH ST YARD,3,local,1500,0,0,0
10091,18TH STREET,3,local,1500,0,0,0
10092,22ND STREET YARD,3,local,1500,0,0,0
10093,8TH STREET YARD,3,local,1500,0,0,0
10094,9TH ST YARD (BNSF),3,local,1500,0,0,0
10095,ABERDEEN,3,local,1500,0,0,0
10097,ALASKA RAIL FERRY,3,local,1500,0,0,0
10099,ALCOA YARD,3,local,1500,0,0,0
10100,ALLIANCE,3,local,1500,0,0,0
10102,AMARILLO AUTO RAMP,3,local,1500,0,0,0
10103,AMORY,3,local,1500,0,0,0
10104,APPLE,3,local,1500,0,0,0
10105,APPLE YARD,3,local,1500,0,0,0
10106,ARDMORE,3,intermodal,5000,0,0,0
10107,ARGENTINE,3,intermodal,5000,0,0,0
10108,ARGENTINE YARD,3,intermodal,5000,0,0,0
10110,ARGO YARD,3,intermodal,5000,0,0,0
10111,ARKANSAS CITY,3,local,1500,0,0,0
10112,ARLINGTON,3,local,1500,0,0,0
10113,ARLINGTON YARD,3,local,1500,0,0,0
10117,AVONDALE,3,local,1500,0,0,0
10118,AVONDALE (BNSF),3,local,1500,0,0,0
10119,AVONDALE INTRMDL,3,local,1500,0,0,0
10121,BAKERSFIELD YARD,3,local,1500,0,0,0
10122,BALMER,3,local,1500,0,0,0
10123,BALMER YARD,3,local,1500,0,0,0
10124,BARSTOW YARD,3,local,20000,0,0,0
10128,BEARDSTOWN,3,local,1500,0,0,0
10132,BIG LIFT AUTORAMP,3,local,1500,0,0,0
10135,BRAINERD,3,local,1500,0,0,0
10136,BRECKENRIDGE,3,local,1500,0,0,0
10137,BRICK,3,local,1500,0,0,0
10138,BROWNWOOD,3,local,1500,0,0,0
10141,CAPE GIRARDEAU,3,local,1500,0,0,0
10142,CARLING,3,local,1500,0,0,0
10143,CASPER NATRONA OIL TERMINAL,3,local,1500,0,0,0
10144,CENTRALIA,3,local,1500,0,0,0
10145,CENTRALIA (BNSF),3,local,1500,0,0,0
10146,CHEROKEE,3,local,1500,0,0,0
10147,CHEVRON TERMINAL,3,local,1500,0,0,0
10149,CHILDRESS,3,local,1500,0,0,0
10150,CHOUTEAU,3,local,1500,0,0,0
10151,CICERO,3,local,1500,0,0,0
10152,CLEBURNE,3,local,1500,0,0,0
10153,CLOQUET,3,local,1500,0,0,0
10154,CLOVIS,3,local,1500,0,0,0
10157,COLUMBUS,3,local,1500,0,0,0
10159,CONNELL,3,local,1500,0,0,0
10160,CORONA YARD,3,local,1500,0,0,0
10161,CORWITH,3,local,1500,0,0,0
10162,CRESTON,3,local,1500,0,0,0
10164,DELTA,3,local,1500,0,0,0
10165,DELTA YARD,3,local,1500,0,0,0
10166,DEVILS LAKE,3,local,1500,0,0,0
10167,DICKINSON,3,local,1500,0,0,0
10168,DILWORTH,3,intermodal,5000,0,0,0
10170,DOWNTOWN,3,local,1500,0,0,0
10172,EAST ALLIANCE,3,local,1500,0,0,0
10173,EAST ENID,3,local,1500,0,0,0
10174,EAST ST JOHNS YARD,3,local,1500,0,0,0
10175,EAST THOMAS,3,local,1500,0,0,0
10176,EDGEMONT,3,intermodal,5000,0,0,0
10177,EL PASO,3,local,1500,0,0,0
10179,ELEVATOR,3,intermodal,5000,0,0,0
10180,ELLIOT BAY PARK,3,local,1500,0,0,0
10182,EMPIRE YARD,3,local,1500,0,0,0
10183,EMPORIA,3,local,1500,0,0,0
10184,EOLA,3,local,1500,0,0,0
10185,ERIE STREET,3,local,1500,0,0,0
10187,FALLS CITY,3,local,1500,0,0,0
10188,FINLEY,3,local,1500,0,0,0
10189,FINLEY YARD,3,local,1500,0,0,0
10190,FLYNN,3,intermodal,5000,0,0,0
10191,FORD CLAYCOMO PLANT,3,local,1500,0,0,0
10192,FORSYTH,3,local,1500,0,0,0
10193,FORT MADISON,3,local,1500,0,0,0
10194,FREMONT BNSF,3,local,1500,0,0,0
10197,FULLERTON YARD,3,local,1500,0,0,0
10198,GAINESVILLE,3,local,1500,0,0,0
10199,GALESBURG,3,local,1500,0,0,0
10201,GALVESTON (BNSF),3,local,1500,0,0,0
10202,GARRETSON,3,local,1500,0,0,0
10203,GAVIN,3,local,1500,0,0,0
10204,GIBSON YARD,3,local,1500,0,0,0
10206,GLEN PARK,3,local,1500,0,0,0
10207,GLENDIVE,3,local,1500,0,0,0
10209,GRAND FORKS,3,local,1500,0,0,0
10210,GREAT FALLS,3,local,1500,0,0,0
10213,GUERNSEY,3,local,1500,0,0,0
10214,HARVARD,3,local,1500,0,0,0
10215,HASTINGS,3,local,1500,0,0,0
10216,HAUSER,3,local,1500,0,0,0
10217,HAVRE,3,local,1500,0,0,0
10218,HOBART YARD,3,local,1500,0,0,0
10219,HOLDEGE,3,local,1500,0,0,0
10220,HONDA TERMINAL YARD,3,local,1500,0,0,0
10222,IOWA TRANSFER YARD,3,local,1500,0,0,0
10225,JOLIET,3,local,1500,0,0,0
10226,KELLEY POINT AUTO YARD,3,local,1500,0,0,0
10227,KEOKUK,3,local,20000,0,0,0
10229,KNOWD,3,local,1500,0,0,0
10231,LA HUERTA,3,local,1500,0,0,0
10232,LA JUNTA,3,local,1500,0,0,0
10233,LA MIRADA YARD,3,local,1500,0,0,0
10235,LAUREL,3,local,1500,0,0,0
10237,LETOURNEAU EAST,3,local,1500,0,0,0
10239,LINCOLN (UP),3,local,1500,0,0,0
10240,LINDENWOOD,3,local,1500,0,0,0
10243,LOGISTICS PARK KS CITY,3,local,1500,0,0,0
10244,LONG VIEW JCT YARD,3,intermodal,5000,0,0,0
10245,LONGMONT,3,local,1500,0,0,0
10246,LONGVIEW (BNSF),3,local,1500,0,0,0
10249,LUBBOCK (BNSF),3,local,1500,0,0,0
10250,LUBBOCK CONTAINER,3,local,1500,0,0,0
10252,LUTHER,3,intermodal,5000,0,0,0
10253,MADILL,3,local,1500,0,0,0
10254,MALABAR YARD,3,local,1500,0,0,0
10255,MANDAN,3,local,1500,0,0,0
10256,MARCELINE,3,local,1500,0,0,0
10257,MARSHALL (BNSF),3,local,1500,0,0,0
10258,MCCOOK,3,local,1500,0,0,0
10261,MIDWAY YARD,3,local,1500,0,0,0
10265,MISSOULA,3,local,1500,0,0,0
10266,MOBEST YARD,3,local,1500,0,0,0
10267,MONETT,3,local,1500,0,0,0
10268,MURRAY,3,local,1500,0,0,0
10269,NEEDLES YARD,3,local,1500,0,0,0
10270,NERSKA JCT,3,local,1500,0,0,0
10271,NEW SOUTH,3,local,1500,0,0,0
10272,NEWTON,3,local,1500,0,0,0
10273,NORTH,3,intermodal,5000,0,0,0
10274,NORTH BAY YARD,3,intermodal,5000,0,0,0
10276,NORTH PORTLAND,3,local,1500,0,0,0
10277,NORTH SPRINGFIELD,3,local,1500,0,0,0
10281,NORTHPORT (BNSF),3,local,1500,0,0,0
10282,NORTHSIDE,3,local,1500,0,0,0
10283,NORTHTOWN YARD,3,intermodal,5000,0,0,0
10284,NOWERS YARD,3,local,1500,0,0,0
10287,PASCO,3,local,1500,0,0,0
10289,PLAINS ALL AMERICA MANITOU,3,local,1500,0,0,0
10290,PLAINVIEW,3,local,1500,0,0,0
10291,PONCA CITY,3,local,1500,0,0,0
10292,PUEBLO,3,local,1500,0,0,0
10293,QUINCY,3,intermodal,5000,0,0,0
10294,RATON,3,local,1500,0,0,0
10298,RICHMOND YARD,3,local,1500,0,0,0
10300,ROCK ISLAND,3,local,1500,0,0,0
10301,ROCKY POINT YARD,3,local,1500,0,0,0
10302,ROZET,3,local,1500,0,0,0
10305,SAN BERNARDINO A YARD,3,local,1500,0,0,0
10306,SAVANNA,3,local,1500,0,0,0
10307,SCOTTSBLUFF,3,local,1500,0,0,0
10310,SHELBY,3,local,1500,0,0,0
10311,SHERMAN (BNSF),3,local,1500,0,0,0
10312,SHOPTON,3,local,1500,0,0,0
10313,SILSBEE,3,local,1500,0,0,0
10314,SIOUX CITY EAST,3,local,1500,0,0,0
10316,SLATON,3,local,1500,0,0,0
10317,SMITH AUTO YARD,3,local,1500,0,0,0
10319,SOUTH AMARILLO,3,local,1500,0,0,0
10320,SOUTH ENID (FRISCO),3,local,1500,0,0,0
10321,SOUTH KLAMATH FALLS YARD,3,local,1500,0,0,0
10322,SOUTH OMAHA,3,local,1500,0,0,0
10326,SPRINGFIELD,3,local,1500,0,0,0
10327,SPRINGFIELD NORTH,3,local,1500,0,0,0
10329,ST. PAUL INTERMODAL,3,local,1500,0,0,0
10330,STACEY ST,3,local,20000,0,0,0
10331,STE GENEVIEVE,3,local,1500,0,0,0
10332,STOCKTON INTERMODAL TERMINAL,3,local,1500,0,0,0
10334,STUART MESA YARD,3,local,1500,0,0,0
10335,SUMAS,3,local,1500,0,0,0
10336,SWEETWATER,3,local,1500,0,0,0
10337,TACOMA (UP),3,local,1500,0,0,0
10339,TEMPLE,3,local,1500,0,0,0
10340,TENNESSEE,3,intermodal,5000,0,0,0
10341,TOPEKA (BNSF),3,local,1500,0,0,0
10342,TRINIDAD,3,local,1500,0,0,0
10343,UNION STATION,3,local,1500,0,0,0
10344,UNION YARD,3,local,1500,0,0,0
10346,VANCOUVER,3,local,1500,0,0,0
10348,VAUGHN,3,intermodal,5000,0,0,0
10349,WATSON YARD,3,intermodal,5000,0,0,0
10350,WAYNOKA,3,local,1500,0,0,0
10351,WELLINGTON,3,local,1500,0,0,0
10352,WENATCHEE,3,local,1500,0,0,0
10356,WESTERN AVE,3,local,1500,0,0,0
10357,WHITEFISH,3,local,1500,0,0,0
10358,WICHITA,3,local,1500,0,0,0
10359,WICHITA FALLS,3,local,1500,0,0,0
10360,WILLBRIDGE YARD,3,local,1500,0,0,0
10361,WILLISTON,3,local,1500,0,0,0
10362,WILLMAR,3,local,1500,0,0,0
10364,WINSLOW YARD,3,intermodal,5000,0,0,0
10365,WISHRAM,3,local,1500,0,0,0
10366,WISHRAM YARD,3,local,1500,0,0,0
10367,WOLF POINT,3,local,20000,0,0,0
10369,YAKIMA,3,local,1500,0,0,0
10370,YAKIMA YARD,3,local,1500,0,0,0
10371,YALE,3,local,1500,0,0,0
10372,YARDLEY,3,local,1500,0,0,0
10373,YARDLEY YARD,3,local,1500,0,0,0
10374,BLASDELL,3,local,1500,0,0,0
10376,BUFFALO CREEK,3,local,1500,0,0,0
10377,BUFFALO CREEK (BPRR),3,local,1500,0,0,0
10384,NEWCASTLE,3,local,1500,0,0,0
10385,RIKER,3,local,1500,0,0,0
10386,SENECA (BPRR),3,local,20000,0,0,0
10389,UNION STOCK YARD,3,local,1500,0,0,0
10391,COMMERCIAL AVE,3,local,1500,0,0,0
10392,ROCKWELL ST,3,local,1500,0,0,0
10393,PT OF BROWNSVILLE,3,local,1500,0,0,0
10400,RAND,3,local,1500,0,0,0
10401,COLE STREET,3,local,1500,0,0,0
10403,CRESTLINE TRIPLE CROWN,3,local,1500,0,0,0
10404,FORT WAYNE,3,local,1500,0,0,0
10405,LOMBARD YARD,3,local,1500,0,0,0
10406,NAPA JUNCTION YARD,3,local,1500,0,0,0
10407,WOODLAND YARD,3,local,1500,0,0,0
10408,BARRETT,3,local,20000,0,0,0
10409,PALMERTON,3,local,1500,0,0,0
10410,CEDAR RAPIDS SHOPS (CIC),3,local,1500,0,0,0
10411,SMITH-DOWS (CIC),3,local,1500,0,0,0
10418,TUB MTN. (WHITEHALL),3,local,1500,0,0,0
10419,TUCKAHOE,3,local,1500,0,0,0
10420,ALBION 'A' YARD,3,local,1500,0,0,0
10421,BATON ROUGE,3,local,1500,0,0,0
10422,BATTLE CREEK,3,local,1500,0,0,0
10423,BELL,3,local,1500,0,0,0
10424,BESSEMER,3,local,1500,0,0,0
10425,BIWABIK,3,local,1500,0,0,0
10428,BRANCHTON,3,local,1500,0,0,0
10429,BRYANT,3,local,1500,0,0,0
10430,BUTLER (CN),3,local,1500,0,0,0
10431,CALVIN,3,local,1500,0,0,0
10432,CHAMPAIGN,3,local,1500,0,0,0
10433,CHIPPEWA FALLS YARD,3,local,1500,0,0,0
10434,CONNEAUT HARBOR,3,local,1500,0,0,0
10435,CONNEAUT STORAGE,3,local,1500,0,0,0
10436,COUNCIL BLUFFS,3,local,1500,0,0,0
10437,CRAWFORD,3,local,1500,0,0,0
10439,DECATUR (CN),3,local,1500,0,0,0
10440,DESTREHAN,3,local,1500,0,0,0
10441,DETROIT INTERMODAL TERM,3,local,1500,0,0,0
10442,DUBUQUE (CN),3,local,1500,0,0,0
10443,DUBUQUE IP&L YARD,3,local,1500,0,0,0
10444,DULUTH,3,local,1500,0,0,0
10445,EAST,3,local,1500,0,0,0
10446,EAST JOLIET,3,local,1500,0,0,0
10447,EAST ST LOUIS,3,local,1500,0,0,0
10449,EDISON (CN),3,local,1500,0,0,0
10450,EFFINGHAM,3,local,1500,0,0,0
10451,ELSDON,3,local,1500,0,0,0
10453,FLAT ROCK,3,local,1500,0,0,0
10454,FORDHAVEN,3,local,1500,0,0,0
10456,FULTON,3,local,1500,0,0,0
10457,GEISMAR,3,local,1500,0,0,0
10458,GILLEN,3,local,1500,0,0,0
10460,GLENN,3,local,1500,0,0,0
10462,GREENVILLE SHOPS,3,local,1500,0,0,0
10463,GRIFFITH,3,local,1500,0,0,0
10464,GULF YARD,3,local,1500,0,0,0
10465,HAWTHORNE,3,local,1500,0,0,0
10466,HAYDEN AUTOLOAD,3,local,1500,0,0,0
10467,HOLLYWOOD,3,local,1500,0,0,0
10468,IMX,3,local,1500,0,0,0
10469,KANKAKEE,3,local,1500,0,0,0
10471,KIRK,3,local,1500,0,0,0
10472,KIRK (GRW),3,local,1500,0,0,0
10473,LADYSMITH YARD,3,local,1500,0,0,0
10474,LANG,3,local,1500,0,0,0
10475,LANSING DELTA AUTOLOAD,3,local,1500,0,0,0
10477,MANLY TERMINAL,3,local,1500,0,0,0
10478,MARKHAM,3,local,1500,0,0,0
10479,MAYS,3,local,1500,0,0,0
10480,MAZDA PLANT,3,local,1500,0,0,0
10482,NORTH JACKSON,3,local,1500,0,0,0
10485,ORION,3,intermodal,5000,0,0,0
10486,ORION AUTOLOAD,3,local,1500,0,0,0
10489,PONTIAC,3,local,1500,0,0,0
10490,PORT HURON,3,local,1500,0,0,0
10491,PROCTOR YARD,3,local,1500,0,0,0
10492,RAILPORT,3,local,1500,0,0,0
10493,RANIER,3,local,1500,0,0,0
10494,ROCKFORD (CN),3,local,1500,0,0,0
10495,ROUGE,3,local,1500,0,0,0
10496,SARATOGA,3,local,1500,0,0,0
10497,SCHAEFER,3,local,1500,0,0,0
10498,SCHILLER PARK,3,local,1500,0,0,0
10499,SEVIER,3,local,1500,0,0,0
10500,SHENANGO,3,local,1500,0,0,0
10501,SHOPS YARD,3,local,1500,0,0,0
10502,SOO YARD,3,local,20000,0,0,0
10503,SOUTH,3,local,1500,0,0,0
10504,SOUTH CHICAGO (CN),3,local,1500,0,0,0
10505,STATE LINE PWR PLT,3,local,1500,0,0,0
10506,STEVENS POINT YARD,3,local,1500,0,0,0
10507,TORRY,3,local,1500,0,0,0
10508,TUNNEL,3,local,1500,0,0,0
10510,VIRGINIA YARD,3,local,1500,0,0,0
10511,WATERLOO (CN),3,local,1500,0,0,0
10512,WAUKEGAN (CN),3,local,1500,0,0,0
10514,WHITING,3,local,1500,0,0,0
10516,WYANDOTTE,3,local,1500,0,0,0
10518,GLENDALE YARD,3,local,1500,0,0,0
10521,ROSEBURG YARD,3,local,1500,0,0,0
10522,WINCHESTER,3,local,1500,0,0,0
10523,LAURENS,3,local,1500,0,0,0
10524,ADM YARD,3,local,1500,0,0,0
10525,AIRLINE YARD,3,local,1500,0,0,0
10526,ARTESIA,3,local,1500,0,0,0
10528,BATON ROUGE (KCS),3,local,1500,0,0,0
10529,BENSENVILLE,3,local,1500,0,0,0
10530,BETTENDORF,3,local,1500,0,0,0
10531,BOSSIER,3,local,1500,0,0,0
10533,CALIFORNIA AVE,3,local,1500,0,0,0
10535,CLINTON,3,local,1500,0,0,0
10536,CLINTON (CPRS),3,local,1500,0,0,0
10537,DALLAS IMF,3,local,1500,0,0,0
10538,DALLAS IMF (KCS),3,local,1500,0,0,0
10540,DEQUINCY (KCS),3,local,1500,0,0,0
10541,DERAMUS,3,local,1500,0,0,0
10543,ENDERLIN,3,local,1500,0,0,0
10544,FORT EDWARD,3,local,1500,0,0,0
10545,FRUITLAND INDUSTRIAL,3,local,1500,0,0,0
10547,GREENVILLE,3,local,1500,0,0,0
10548,HARVEY,3,local,1500,0,0,0
10549,HASTINGS YARD,3,local,1500,0,0,0
10550,HEAVENER,3,local,1500,0,0,0
10551,HIGH OAK,3,local,1500,0,0,0
10552,HOPKINS,3,local,1500,0,0,0
10554,HURON,3,local,1500,0,0,0
10555,JEFFERSON (KCS),3,local,1500,0,0,0
10556,KCS EAST,3,intermodal,5000,0,0,0
10557,KENDLETON INTERMODAL,3,local,1500,0,0,0
10558,KENDRICK,3,local,1500,0,0,0
10559,KNOCHE,3,local,1500,0,0,0
10560,LAREDO,3,local,20000,0,0,0
10561,LATANIER,3,local,1500,0,0,0
10562,LEESVILLE,3,local,1500,0,0,0
10564,MASON CITY,3,local,20000,0,0,0
10565,MECHANICVILLE,3,local,1500,0,0,0
10566,MERIDIAN (KCS),3,local,1500,0,0,0
10568,MOHAWK,3,local,1500,0,0,0
10569,MONROE YARD (KCS),3,local,1500,0,0,0
10570,MOSSVILLE,3,local,1500,0,0,0
10571,MUSCATINE,3,local,1500,0,0,0
10572,MUSKEGO YARD,3,local,1500,0,0,0
10574,NEW ORLEANS (SHREWSBURY,3,local,1500,0,0,0
10577,NORTHFIELD,3,local,1500,0,0,0
10578,OTTUMWA,3,local,1500,0,0,0
10579,PITTSBURG,3,local,1500,0,0,0
10580,PORT ARTHUR,3,local,1500,0,0,0
10581,PORT OF BEAUMONT,3,local,1500,0,0,0
10582,PORTAGE YARD,3,local,1500,0,0,0
10585,RIVERSIDE PP,3,local,1500,0,0,0
10588,SERRANO,3,local,1500,0,0,0
10589,SHREVEPORT JUNCTION,3,local,1500,0,0,0
10590,SIDING 466,3,local,1500,0,0,0
10591,SOUTH LAREDO,3,local,1500,0,0,0
10592,ST. PAUL YARD,3,local,1500,0,0,0
10593,STINSON AVE YARD,3,local,1500,0,0,0
10594,TAYLOR,3,local,20000,0,0,0
10595,THIEF RIVER FALLS,3,local,1500,0,0,0
10596,TRACY,3,local,1500,0,0,0
10597,TRIGG STREET,3,local,1500,0,0,0
10599,VENICE,3,local,1500,0,0,0
10600,VICKSBURG,3,local,1500,0,0,0
10601,WABASHA,3,local,1500,0,0,0
10602,WALL STREET,3,local,1500,0,0,0
10603,WASECA,3,local,1500,0,0,0
10604,WEST,3,local,1500,0,0,0
10605,WEST DAVENPORT,3,local,1500,0,0,0
10606,WOOD RIVER,3,local,1500,0,0,0
10607,WYLIE,3,local,1500,0,0,0
10608,BURR OAK,3,local,1500,0,0,0
10609,HARBOR,3,local,1500,0,0,0
10610,IRONDALE,3,local,1500,0,0,0
10611,BAYONNE,3,local,1500,0,0,0
10612,BAYWAY (CSAO),3,local,1500,0,0,0
10613,BOUND BROOK,3,local,1500,0,0,0
10616,CROXTON,3,local,1500,0,0,0
10617,DEEPWATER,3,local,1500,0,0,0
10618,DOREMUS,3,local,1500,0,0,0
10619,DOREMUS AUTORAMP,3,local,1500,0,0,0
10620,EDISON,3,local,1500,0,0,0
10621,ERAIL,3,intermodal,5000,0,0,0
10622,FRANKFORD JCT YARD,3,local,1500,0,0,0
10624,HUNTER,3,local,1500,0,0,0
10625,LINCOLN,3,local,1500,0,0,0
10626,LINCOLN AUTO,3,local,1500,0,0,0
10627,LIVERNOIS,3,local,1500,0,0,0
10628,LOWER,3,local,1500,0,0,0
10629,MACK,3,local,1500,0,0,0
10630,MEADOWS,3,local,1500,0,0,0
10631,MEADOWS IMF,3,local,1500,0,0,0
10632,MEADOWS MAINTENANCE,3,local,1500,0,0,0
10636,MORRISVILLE YARD,3,local,1500,0,0,0
10638,NORTH BERGEN,3,local,1500,0,0,0
10639,PAULSBORO,3,local,1500,0,0,0
10642,PORT ELIZABETH EXPRESSRAIL,3,local,1500,0,0,0
10643,PORT ELIZABETH PORTSIDE,3,local,1500,0,0,0
10644,PORT NEWARK,3,local,1500,0,0,0
10646,PORTSIDE TRIPLE CROWN,3,local,1500,0,0,0
10647,RIVER ROUGE,3,local,1500,0,0,0
10648,SALEM (CSAO),3,local,1500,0,0,0
10649,SOUTH KEARNY,3,local,1500,0,0,0
10651,STERLING,3,local,1500,0,0,0
10653,STONEY CREEK YARD,3,local,1500,0,0,0
10654,UPPER,3,local,1500,0,0,0
10656,WILSON AVENUE,3,local,1500,0,0,0
10657,ENTIAT,3,local,1500,0,0,0
10658,ENTIAT YARD,3,local,1500,0,0,0
10659,OMAK,3,local,1500,0,0,0
10662,EAST HARTFORD,3,local,1500,0,0,0
10663,BURNHAM (CSS),3,local,1500,0,0,0
10664,48TH AVE,3,local,1500,0,0,0
10665,59TH ST INTERMODAL,3,local,1500,0,0,0
10666,ACCA,3,local,1500,0,0,0
10667,ADM LEAD,3,local,1500,0,0,0
10668,AK STEEL,3,local,1500,0,0,0
10669,ALLIED,3,local,1500,0,0,0
10670,AMPTHILL YARD,3,local,1500,0,0,0
10671,AMSTERDAM,3,local,1500,0,0,0
10672,ANDREWS,3,local,1500,0,0,0
10673,ANSONIA,3,local,1500,0,0,0
10674,ASHLAND,3,local,1500,0,0,0
10675,ASHTABULA,3,local,1500,0,0,0
10676,ATHENS,3,local,1500,0,0,0
10677,ATKINSON NORTH,3,local,1500,0,0,0
10678,ATLANTA AUTO RAMP,3,local,1500,0,0,0
10679,ATWOOD,3,local,1500,0,0,0
10680,AUBURNDALE,3,local,1500,0,0,0
10682,AVON,3,intermodal,5000,0,0,0
10684,BAKER,3,local,1500,0,0,0
10685,BALDWIN,3,local,1500,0,0,0
10686,BARR,3,local,1500,0,0,0
10687,BATAVIA,3,local,1500,0,0,0
10688,BAYOU CASSOTTE,3,local,1500,0,0,0
10689,BAYSIDE COAL,3,local,1500,0,0,0
10690,BELLE ISLE POCKET,3,local,1500,0,0,0
10691,BELLWOOD,3,local,1500,0,0,0
10692,BENNETT,3,local,1500,0,0,0
10693,BENNING,3,local,1500,0,0,0
10695,BIDS TERMINAL,3,local,1500,0,0,0
10699,BOOTH TRANSFLO,3,local,1500,0,0,0
10700,BOSTIC,3,local,1500,0,0,0
10701,BOSTON NORTH,3,local,1500,0,0,0
10702,BOULEVARD,3,local,1500,0,0,0
10705,BRAINTREE,3,local,1500,0,0,0
10710,BRUCETON,3,local,1500,0,0,0
10711,BRUNSWICK,3,local,1500,0,0,0
10713,C&O,3,local,1500,0,0,0
10715,CALHOUN,3,local,1500,0,0,0
10719,CARTHAGE,3,local,1500,0,0,0
10720,CAYCE,3,local,1500,0,0,0
10722,CENTRAL FLORIDA ILC,3,local,1500,0,0,0
10723,CEREDO,3,local,1500,0,0,0
10725,CHARLESTON INTRMDL,3,local,1500,0,0,0
10726,CHARLOTTE TRANSFLO,3,local,1500,0,0,0
10727,CHESAPEAKE,3,local,1500,0,0,0
10728,CHESTER TRANS-FLO,3,local,1500,0,0,0
10729,CHILLICOTHE,3,local,1500,0,0,0
10730,CLARK AVE,3,local,1500,0,0,0
10732,CLIFTON FORGE,3,local,1500,0,0,0
10733,CLOPTON,3,local,1500,0,0,0
10734,COGEN LEAD,3,local,1500,0,0,0
10735,COLLIER,3,local,1500,0,0,0
10736,COLLINGWOOD,3,local,1500,0,0,0
10737,COLUMBIA AUTO RAMP YARD,3,local,1500,0,0,0
10738,CONCORD,3,local,20000,0,0,0
10739,CONNELLSVILLE,3,local,1500,0,0,0
10740,COOSA PINES,3,local,1500,0,0,0
10741,CORBIN,3,local,1500,0,0,0
10742,CRAVENS,3,local,1500,0,0,0
10743,CUMBERLAND,3,local,1500,0,0,0
10744,CURTIS,3,local,1500,0,0,0
10745,CURTIS BAY,3,local,1500,0,0,0
10749,DECOURSEY,3,local,1500,0,0,0
10750,DEMMLER,3,local,1500,0,0,0
10751,DEMMLER TRANSFER,3,local,1500,0,0,0
10752,DETROIT-CENTRAL,3,local,1500,0,0,0
10753,DETROIT-WEST,3,local,1500,0,0,0
10754,DEWITT,3,local,1500,0,0,0
10755,DEWITT SHOPS,3,local,1500,0,0,0
10756,DICKERSON STORAGE,3,local,1500,0,0,0
10759,DUNKIRK,3,local,1500,0,0,0
10760,DUPONT RICHMOND LEAD,3,local,1500,0,0,0
10761,DURHAM,3,local,1500,0,0,0
10762,EAST BUFFALO,3,local,20000,0,0,0
10763,EAST CHICAGO,3,local,1500,0,0,0
10764,EAST SIDE YARD,3,local,1500,0,0,0
10765,EAST TAMPA,3,local,1500,0,0,0
10766,ELIZABETHPORT,3,local,1500,0,0,0
10769,ERIE (CSXT),3,intermodal,5000,0,0,0
10771,ETOWAH,3,local,1500,0,0,0
10772,FAIRBORN INTERMODAL,3,local,1500,0,0,0
10773,FAIRFIELD AUTOLOAD,3,local,1500,0,0,0
10774,FAIRMONT,3,local,1500,0,0,0
10777,FLEXI-FLO YARD,3,local,1500,0,0,0
10779,FOOTE,3,local,1500,0,0,0
10780,FORD,3,local,1500,0,0,0
10781,FORD LEAD,3,local,1500,0,0,0
10783,FOREST HILL,3,local,1500,0,0,0
10786,FRAMINGHAM GM PLANT,3,local,20000,0,0,0
10787,FRESH POND (CSXT),3,local,1500,0,0,0
10788,FRONTIER,3,local,1500,0,0,0
10789,FULCO JCT,3,local,1500,0,0,0
10792,GENTILLY,3,local,1500,0,0,0
10793,GEORGETOWN,3,local,1500,0,0,0
10794,GLADSTONE,3,local,1500,0,0,0
10796,GRAND BLANC,3,local,1500,0,0,0
10798,GRAYS,3,local,1500,0,0,0
10800,GREENWICH YARDS,3,local,1500,0,0,0
10801,GUTHRIE,3,local,1500,0,0,0
10802,HAGERSTOWN,3,local,1500,0,0,0
10803,HALLEY,3,local,1500,0,0,0
10804,HAMBURG STREET,3,local,1500,0,0,0
10805,HAMLET,3,local,1500,0,0,0
10807,HARPSTER,3,local,1500,0,0,0
10809,HILL,3,local,1500,0,0,0
10811,HINTON,3,local,1500,0,0,0
10813,HONDA INTERMODAL A,3,intermodal,5000,0,0,0
10815,HOPEWELL (CSXT),3,local,1500,0,0,0
10816,HORNERSTOWN,3,local,1500,0,0,0
10817,HOWELL,3,local,1500,0,0,0
10818,HULSEY,3,local,1500,0,0,0
10819,HUNTINGTON,3,local,1500,0,0,0
10821,INGREDION WINSTON SALEM,3,local,1500,0,0,0
10823,IRBY JCT,3,local,1500,0,0,0
10824,IVORYDALE,3,local,1500,0,0,0
10825,JACKSONVILLE,3,local,1500,0,0,0
10826,JESSUP,3,local,1500,0,0,0
10827,JESSUP AUTOLOAD,3,local,1500,0,0,0
10828,JOHNSTOWN (CLINTON ST),3,local,1500,0,0,0
10829,KAYNE AVE,3,local,1500,0,0,0
10830,KENMORE,3,local,1500,0,0,0
10832,KINGSPORT,3,local,1500,0,0,0
10833,KINGSTON,3,local,1500,0,0,0
10834,LAKEFRONT DOCKS,3,local,1500,0,0,0
10835,LEEWOOD (CSXT),3,local,1500,0,0,0
10836,LEHIGH,3,local,1500,0,0,0
10837,LIMA,3,local,1500,0,0,0
10838,LITTLE FERRY (CSXT),3,local,20000,0,0,0
10839,LORDSTOWN,3,local,1500,0,0,0
10840,LORDSTOWN CSX AUTOLOAD,3,local,1500,0,0,0
10843,LYONS,3,local,1500,0,0,0
10846,MARTIN,3,local,20000,0,0,0
10847,MASSENA COACH,3,local,1500,0,0,0
10848,MASSEY WEST YARD,3,local,1500,0,0,0
10850,MAXWELL,3,local,1500,0,0,0
10851,MCGREW,3,local,1500,0,0,0
10852,MCKEES ROCKS,3,local,1500,0,0,0
10853,MCKEESPORT,3,local,1500,0,0,0
10854,MEADOW CREEK,3,local,1500,0,0,0
10856,MIDDLE,3,local,1500,0,0,0
10857,MIDDLEBELT,3,local,1500,0,0,0
10859,MIDDLETOWN,3,local,1500,0,0,0
10860,MILAN,3,local,1500,0,0,0
10861,MILLDALE,3,local,1500,0,0,0
10862,MONCRIEF,3,local,1500,0,0,0
10864,MONROE,3,local,1500,0,0,0
10865,MONT CO RES RECOVERY,3,local,1500,0,0,0
10867,MT CLARE,3,intermodal,5000,0,0,0
10868,MT WINANS,3,local,1500,0,0,0
10870,NASHUA,3,local,1500,0,0,0
10871,NASHVILLE TRANSFLO,3,local,1500,0,0,0
10872,NEEDMORE,3,local,1500,0,0,0
10873,NEW,3,local,1500,0,0,0
10874,NEW BOSTON,3,local,1500,0,0,0
10875,NEW BOYLES,3,local,1500,0,0,0
10877,NEW ENGLAND AUTOMOTIVE GATEWAY,3,local,1500,0,0,0
10878,NEW RIVER,3,local,1500,0,0,0
10880,NEWBURGH,3,local,1500,0,0,0
10881,NEWELL,3,local,1500,0,0,0
10882,NEWELL YARD,3,local,1500,0,0,0
10883,NEWPORT NEWS,3,local,1500,0,0,0
10884,NIAGARA,3,local,1500,0,0,0
10885,NORTH CHARLESTON,3,local,1500,0,0,0
10886,NORTH FRAMINGHAM,3,local,1500,0,0,0
10887,NORTH MCKEES ROCK,3,local,1500,0,0,0
10888,NORTHWEST OHIO TERMINAL,3,local,1500,0,0,0
10889,OAKLAWN,3,local,1500,0,0,0
10890,OAKWORTH,3,local,1500,0,0,0
10891,OGLETHORPE (CSXT),3,local,1500,0,0,0
10893,ORLANDO,3,local,1500,0,0,0
10897,PARMA,3,local,1500,0,0,0
10898,PARSONS,3,local,1500,0,0,0
10901,PENN MARY (CSXT),3,local,1500,0,0,0
10902,PIERCE,3,local,1500,0,0,0
10903,PINOCA,3,local,1500,0,0,0
10904,PITTSFIELD,3,local,1500,0,0,0
10907,PORT SUTTON,3,local,1500,0,0,0
10908,PORT TAMPA,3,local,1500,0,0,0
10909,PORTSMOUTH,3,local,1500,0,0,0
10915,QUEENSGATE,3,local,1500,0,0,0
10916,QUEENSGATE INTERMODAL,3,local,1500,0,0,0
10917,QUINNIMONT,3,local,1500,0,0,0
10919,RADNOR,3,local,1500,0,0,0
10920,RAINELLE,3,local,1500,0,0,0
10921,RAINS,3,local,1500,0,0,0
10924,RICE,3,local,1500,0,0,0
10925,RIGBY,3,local,1500,0,0,0
10927,RIVERTON,3,local,1500,0,0,0
10928,ROBINSON,3,local,1500,0,0,0
10929,ROCHESTER,3,local,1500,0,0,0
10930,ROCK-TENN HOPEWELL PIER YARD,3,local,1500,0,0,0
10931,ROCKPORT,3,local,1500,0,0,0
10932,ROCKY MOUNT,3,local,1500,0,0,0
10934,ROSE LAKE,3,local,1500,0,0,0
10935,ROSSFORD,3,local,1500,0,0,0
10936,ROUGEMERE,3,local,1500,0,0,0
10938,RUSSELL,3,local,1500,0,0,0
10939,S&N,3,local,1500,0,0,0
10940,SANDY HOOK,3,local,1500,0,0,0
10941,SANFORD,3,local,1500,0,0,0
10942,SARGENT,3,local,1500,0,0,0
10943,SELKIRK,3,local,1500,0,0,0
10944,SENECA,3,local,1500,0,0,0
10946,SIBERT,3,local,1500,0,0,0
10948,SOUTH ANDERSON,3,intermodal,5000,0,0,0
10951,SOUTHOVER,3,local,1500,0,0,0
10952,SPARTANBURG,3,local,1500,0,0,0
10954,SPRUANCE GENCO LEAD,3,local,1500,0,0,0
10958,STRATHMORE,3,local,1500,0,0,0
10960,TAFT,3,local,1500,0,0,0
10961,TDSI,3,local,1500,0,0,0
10962,TEMPERANCE,3,local,1500,0,0,0
10963,THOMASVILLE,3,local,1500,0,0,0
10964,TILFORD,3,local,1500,0,0,0
10965,TRANSFER,3,local,1500,0,0,0
10966,TRANSFLO TERMINAL,3,local,1500,0,0,0
10967,UCETA,3,local,1500,0,0,0
10969,UTICA,3,local,1500,0,0,0
10970,VERTELLUS,3,local,1500,0,0,0
10971,WALBRIDGE,3,local,1500,0,0,0
10973,WATERTOWN,3,local,1500,0,0,0
10974,WAUHATCHIE,3,local,1500,0,0,0
10975,WAYCROSS,3,local,1500,0,0,0
10977,WEST KNOXVILLE,3,local,1500,0,0,0
10978,WEST LIMA,3,local,1500,0,0,0
10980,WEST VA CENTRAL JCT,3,local,1500,0,0,0
10981,WESTFIELD,3,local,1500,0,0,0
10982,WIDOWS CREEK,3,local,1500,0,0,0
10983,WILDWOOD,3,local,1500,0,0,0
10984,WILSMERE,3,local,1500,0,0,0
10987,WSS,3,local,1500,0,0,0
10989,WYVERN,3,local,1500,0,0,0
10991,YEMASEE,3,local,1500,0,0,0
10992,YEOMAN,3,local,1500,0,0,0
10993,PENN MARY,3,local,1500,0,0,0
10994,SEAGIRT MARINE TERMINAL,3,local,1500,0,0,0
10996,NEWARK,3,local,1500,0,0,0
10997,NEWARK WEST,3,local,1500,0,0,0
10999,3RD ST,3,local,1500,0,0,0
11000,CLEVELAND STEEL MILL,3,local,1500,0,0,0
11002,MOCKINGBIRD,3,local,1500,0,0,0
11003,ZUG ISLAND,3,local,1500,0,0,0
11004,CARROLLTON,3,local,1500,0,0,0
11005,SHERMAN (DGNO),3,local,1500,0,0,0
11007,MINIDOKA,3,local,1500,0,0,0
11011,YORK (NS),3,local,1500,0,0,0
11014,FERNANDINA BEACH,3,local,1500,0,0,0
11015,BOWDEN,3,local,1500,0,0,0
11016,CANAVERAL,3,local,1500,0,0,0
11017,COCOA-ROCKLEDGE,3,local,1500,0,0,0
11018,FORT LAUDERDALE,3,local,1500,0,0,0
11019,FORT PIERCE,3,local,1500,0,0,0
11020,FRONTENAC,3,local,1500,0,0,0
11023,PORT EVERGLADES ICTF,3,local,1500,0,0,0
11024,PORT OF PALM BEACH,3,local,1500,0,0,0
11025,WEST PALM BEACH,3,local,1500,0,0,0
11026,TALLAHASSEE,3,local,1500,0,0,0
11028,SOLVAY,3,local,1500,0,0,0
11030,FORE RIVER SHIPYARD,3,local,1500,0,0,0
11032,FORT SMITH (FSR),3,local,1500,0,0,0
11034,8TH AVENUE,3,local,1500,0,0,0
11035,GWINNETT STREET,3,local,1500,0,0,0
11036,MACON,3,local,1500,0,0,0
11037,CK&S,3,local,1500,0,0,0
11040,ALBANY (GFRR),3,local,1500,0,0,0
11041,DOSAGA,3,local,1500,0,0,0
11042,FIRESTONE,3,local,1500,0,0,0
11043,PERRY,3,local,1500,0,0,0
11048,BELLOWS FALLS,3,local,1500,0,0,0
11049,NORTH WALPOLE,3,local,1500,0,0,0
11051,TRINITY,3,local,1500,0,0,0
11052,NORTH GRAFTON,3,local,1500,0,0,0
11054,GENESEE,3,local,1500,0,0,0
11056,WENONA,3,local,1500,0,0,0
11061,IOWA CITY,3,local,1500,0,0,0
11062,SHORTLINE,3,local,1500,0,0,0
11063,BLUE ISLAND,3,local,1500,0,0,0
11064,BURNHAM,3,local,1500,0,0,0
11065,CALUMENT CITY,3,local,1500,0,0,0
11066,GIBSON,3,local,1500,0,0,0
11067,GIBSON TRANSFER,3,local,1500,0,0,0
11068,LAKE FRONT,3,local,1500,0,0,0
11069,MICHIGAN AVE,3,local,1500,0,0,0
11070,NORPAUL,3,local,1500,0,0,0
11071,POWERTON,3,local,1500,0,0,0
11075,HULMAN,3,local,1500,0,0,0
11076,PALESTINE,3,local,1500,0,0,0
11078,FORD ENGINE PLANT,3,local,1500,0,0,0
11079,FORD PARK,3,local,1500,0,0,0
11081,MCCULLOUGH,3,local,20000,0,0,0
11083,ASHBY,3,local,1500,0,0,0
11086,HOLLOW,3,local,1500,0,0,0
11088,GILROY YARD,3,local,1500,0,0,0
11089,SAN JOSE YARD,3,local,1500,0,0,0
11091,STOCKTON YARD (CALTRAIN SHOPS),3,local,1500,0,0,0
11092,TAMIEN YARD,3,local,1500,0,0,0
11093,ARMOURDALE,3,local,1500,0,0,0
11094,ARMSTRONG,3,local,1500,0,0,0
11095,BLUE RIVER,3,local,1500,0,0,0
11096,MILL ST YARD (KCS),3,local,1500,0,0,0
11097,ALLOY,3,local,1500,0,0,0
11098,HOBSON,3,local,1500,0,0,0
11102,SALINA,3,local,1500,0,0,0
11109,EXCHANGE AVE A YARD,3,local,1500,0,0,0
11112,LUBBOCK (WTLC),3,local,1500,0,0,0
11114,FRESH POND (NYA),3,local,1500,0,0,0
11118,POND,3,local,1500,0,0,0
11119,JEFFERSONVILLE,3,local,1500,0,0,0
11120,LRPA,3,local,1500,0,0,0
11121,EAGLE MILLS YARD,3,local,1500,0,0,0
11122,EUCLID YARD,3,local,1500,0,0,0
11126,LSRC,3,local,1500,0,0,0
11128,BEACON PARK,3,local,1500,0,0,0
11129,FITCHBURG,3,local,1500,0,0,0
11130,FRAMINGHAM,3,local,1500,0,0,0
11131,WORCESTER,3,local,1500,0,0,0
11133,MCCLOUD YARD,3,local,1500,0,0,0
11134,INTERNATIONAL FALLS,3,local,1500,0,0,0
11136,RIVERSIDE YARD,3,local,1500,0,0,0
11139,EAST CARTHAGE,3,local,1500,0,0,0
11140,NEVADA,3,local,1500,0,0,0
11141,MERIDIAN (MNBR),3,local,1500,0,0,0
11149,MOSS POINT,3,local,1500,0,0,0
11151,LOCK HAVEN,3,local,1500,0,0,0
11152,SUNNYSIDE,3,local,1500,0,0,0
11154,NORFOLK,3,local,1500,0,0,0
11162,55TH ST,3,local,1500,0,0,0
11163,LANDERS,3,local,1500,0,0,0
11164,SOUTH KEARNY (NJRC),3,local,1500,0,0,0
11165,DOVER,3,local,1500,0,0,0
11166,DOVER YARD,3,local,1500,0,0,0
11169,ST CLOUD,3,local,1500,0,0,0
11171,GOULDSBORO,3,local,1500,0,0,0
11172,CLAIBORNE,3,local,1500,0,0,0
11173,COTTON WAREHOUSE,3,local,1500,0,0,0
11174,FRANCE,3,local,1500,0,0,0
11175,GULF GATEWAY TERMINAL,3,local,1500,0,0,0
11176,NAPOLEON AVE ICTF,3,local,1500,0,0,0
11177,NOPB SOUTH YARD,3,local,1500,0,0,0
11178,PAULINE STREET,3,local,1500,0,0,0
11179,NEW ORLEANS UNION STATION,3,local,1500,0,0,0
11181,97TH ST,3,local,1500,0,0,0
11182,A O SMITH,3,local,1500,0,0,0
11183,ABRAMS,3,local,1500,0,0,0
11184,ABRAMS YARD,3,local,1500,0,0,0
11185,ALBANY,3,local,1500,0,0,0
11186,ALBANY (NS),3,local,1500,0,0,0
11187,ALTOONA,3,local,1500,0,0,0
11188,AMERICUS,3,local,1500,0,0,0
11189,ANDREWS-COLUMBIA,3,local,1500,0,0,0
11191,ASHLAND AVE,3,local,1500,0,0,0
11192,ASHTABULA HARBOR,3,local,1500,0,0,0
11193,BAKER STREET,3,local,1500,0,0,0
11194,BANNON,3,local,1500,0,0,0
11195,BAYVIEW INTERMODAL,3,local,1500,0,0,0
11196,BEAR CAR SHOP,3,local,1500,0,0,0
11197,BELLEVUE,3,local,1500,0,0,0
11198,BENSON,3,local,1500,0,0,0
11199,BETHLEHEM INTERMODAL YARD,3,local,1500,0,0,0
11200,BINGHAMTON,3,local,1500,0,0,0
11201,BIRMINGHAM REG INTERMODAL,3,local,1500,0,0,0
11202,BISON,3,local,1500,0,0,0
11203,BLAIR,3,local,1500,0,0,0
11204,BLUEFIELD,3,local,1500,0,0,0
11205,BMW CLASSIFICATION,3,local,1500,0,0,0
11206,BOAT,3,local,1500,0,0,0
11207,BROADWAY,3,local,1500,0,0,0
11209,BUCKEYE,3,local,1500,0,0,0
11210,BUFFALO JUNCTION,3,local,1500,0,0,0
11211,BUFFALO S K,3,local,1500,0,0,0
11212,BURNS HARBOR,3,local,1500,0,0,0
11213,CALUMET,3,local,1500,0,0,0
11214,CAMPBELL,3,local,1500,0,0,0
11215,CANTON,3,local,1500,0,0,0
11216,CARGILL,3,local,1500,0,0,0
11217,CHALMETTE,3,local,1500,0,0,0
11219,CHARLOTTE,3,local,1500,0,0,0
11221,CHRYSLER,3,local,1500,0,0,0
11223,CLARKSON,3,local,1500,0,0,0
11224,CLEVELAND TERMINAL,3,local,1500,0,0,0
11225,COAPMAN,3,local,1500,0,0,0
11226,COLEHOUR,3,local,1500,0,0,0
11228,CONEMAUGH,3,local,1500,0,0,0
11229,CONNEAUT,3,local,1500,0,0,0
11230,CONWAY,3,local,1500,0,0,0
11231,CONWAY RIVER TERMINAL,3,local,1500,0,0,0
11232,COSTER,3,local,1500,0,0,0
11233,COSTER BULK TRANSFER,3,local,1500,0,0,0
11234,CREWE,3,local,1500,0,0,0
11235,DAISEY,3,local,1500,0,0,0
11236,DAISEY AUTO LOT,3,local,1500,0,0,0
11237,DAYTON,3,local,1500,0,0,0
11238,DE BUTTS,3,local,1500,0,0,0
11239,DECATUR,3,local,1500,0,0,0
11240,DETROIT,3,local,1500,0,0,0
11241,DILLARD,3,local,1500,0,0,0
11242,DISMAL,3,local,1500,0,0,0
11243,DRAGON,3,local,1500,0,0,0
11244,DUNDALK INTERMODAL,3,intermodal,5000,0,0,0
11246,EANES,3,local,1500,0,0,0
11247,EAST 55TH ST,3,local,1500,0,0,0
11248,EAST DURHAM,3,local,1500,0,0,0
11249,EAST PENN YARD,3,local,1500,0,0,0
11250,EAST WAYNE,3,local,1500,0,0,0
11251,ECO-ENERGY AUGUSTA,3,local,1500,0,0,0
11252,EDGE MOOR,3,local,1500,0,0,0
11253,ELKHART,3,local,1500,0,0,0
11254,ELMIRA,3,local,1500,0,0,0
11256,ELYRIA,3,local,1500,0,0,0
11257,EMORY GAP,3,local,1500,0,0,0
11258,ETNA,3,local,1500,0,0,0
11259,FAIRLANE,3,local,1500,0,0,0
11260,FERRONA,3,local,1500,0,0,0
11261,FLAT TOP,3,local,1500,0,0,0
11262,FORD JCT,3,local,1500,0,0,0
11263,FORREST,3,local,1500,0,0,0
11264,FORRESTVILLE,3,local,1500,0,0,0
11265,FOSTORIA MIXING CENTER,3,local,1500,0,0,0
11266,FOUNDATION LEAD,3,local,1500,0,0,0
11267,FRANKFORT,3,local,1500,0,0,0
11268,FRANKLIN COUNTY RIF,3,local,1500,0,0,0
11269,FRISCO,3,local,1500,0,0,0
11270,FRONT ST,3,local,1500,0,0,0
11271,GANG MILLS,3,intermodal,5000,0,0,0
11272,GENERAL MOTORS,3,local,1500,0,0,0
11274,GEORGETOWN INTERMODAL,3,local,1500,0,0,0
11275,GEST STREET,3,local,1500,0,0,0
11277,GM AUTOLOAD,3,local,1500,0,0,0
11280,GOODRICH,3,local,1500,0,0,0
11281,GORDON,3,local,1500,0,0,0
11282,GOULD,3,local,1500,0,0,0
11283,GREER INLAND PORT,3,local,1500,0,0,0
11284,H. CRAIG LEWIS  (DILLERVILLE),3,local,1500,0,0,0
11285,HAMBURG,3,local,1500,0,0,0
11287,HARRISBURG YARD,3,local,1500,0,0,0
11288,HASELTON,3,local,1500,0,0,0
11290,HATTIESBURG,3,local,1500,0,0,0
11291,HAYNE,3,local,1500,0,0,0
11292,HAZLETON,3,local,1500,0,0,0
11293,HEARTLAND INTERMODAL,3,local,1500,0,0,0
11294,HEGEWISCH MIXING CTR,3,local,1500,0,0,0
11295,HIGH POINT,3,local,1500,0,0,0
11297,HOBBIE,3,local,1500,0,0,0
11298,HOMESTEAD,3,local,1500,0,0,0
11299,HUNTINGBURG,3,local,1500,0,0,0
11301,INDUSTRY,3,local,1500,0,0,0
11302,IRONTON,3,local,1500,0,0,0
11303,ISLAND AVENUE,3,local,1500,0,0,0
11304,JUNIATA SHOPS,3,local,1500,0,0,0
11305,KANKAKEE (NS),3,local,1500,0,0,0
11306,KENOVA,3,local,1500,0,0,0
11307,KENOVA BELT,3,local,1500,0,0,0
11308,KEYSTONE,3,local,1500,0,0,0
11309,KINGSPORT TANK,3,local,1500,0,0,0
11310,KLINES,3,local,1500,0,0,0
11311,KNOXVILLE CITY,3,local,1500,0,0,0
11312,LAMBERTS POINT,3,local,1500,0,0,0
11313,LANGDALE,3,local,1500,0,0,0
11315,LINNVILLE,3,local,1500,0,0,0
11316,LUDLOW,3,local,1500,0,0,0
11317,M&E JCT,3,local,1500,0,0,0
11318,MADISON (UP),3,local,1500,0,0,0
11319,MAIDSVILLE,3,local,1500,0,0,0
11320,MALLARD,3,local,1500,0,0,0
11322,MARCUS HOOK,3,local,1500,0,0,0
11323,MEHOOPANY YARD,3,local,1500,0,0,0
11324,MERCEDES-BENZ PLANT,3,local,1500,0,0,0
11326,MINGO (NS),3,local,1500,0,0,0
11327,MOBERLY,3,local,1500,0,0,0
11328,MONTPELIER,3,local,1500,0,0,0
11329,MONTVIEW,3,local,1500,0,0,0
11330,MORAINE,3,local,1500,0,0,0
11331,MOTOR,3,local,1500,0,0,0
11333,NEW BERN,3,local,1500,0,0,0
11334,NICHOLSON,3,local,1500,0,0,0
11335,NIXON,3,local,1500,0,0,0
11336,NORFOLK INTL TERM,3,local,1500,0,0,0
11337,NORRIS,3,local,1500,0,0,0
11338,NORTH (NS),3,local,1500,0,0,0
11339,NORTH DORAVILLE,3,local,1500,0,0,0
11340,NORTH WINSTON,3,local,1500,0,0,0
11341,NORTHUMBERLAND,3,local,1500,0,0,0
11342,NORTON,3,local,1500,0,0,0
11343,OAK ST,3,local,1500,0,0,0
11344,OAKDALE,3,local,1500,0,0,0
11346,OAKWOOD,3,local,1500,0,0,0
11347,OLIVER,3,local,1500,0,0,0
11348,ONEIDA,3,local,1500,0,0,0
11349,ONEONTA,3,local,1500,0,0,0
11350,OUTER,3,local,1500,0,0,0
11351,OYAMA,3,local,1500,0,0,0
11352,PARK MANOR,3,local,1500,0,0,0
11353,PBF DELAWARE CITY REFINERY,3,local,1500,0,0,0
11354,PEAGRAM,3,local,1500,0,0,0
11355,PERU,3,local,1500,0,0,0
11356,PETERS CREEK,3,local,1500,0,0,0
11357,PITCAIRN,3,local,1500,0,0,0
11359,POAG,3,local,1500,0,0,0
11360,POE,3,local,1500,0,0,0
11361,POET BIOREFINING FOSTORIA,3,local,1500,0,0,0
11362,POMONA,3,intermodal,5000,0,0,0
11363,PORTLOCK,3,local,1500,0,0,0
11364,POTTSTOWN YARD,3,local,1500,0,0,0
11365,PX,3,local,1500,0,0,0
11366,RARITAN VALLEY CONNECTOR,3,local,1500,0,0,0
11368,READING,3,local,1500,0,0,0
11369,READING YARD,3,local,1500,0,0,0
11370,REEDS,3,local,1500,0,0,0
11371,RENICK,3,local,1500,0,0,0
11372,RICHMOND,3,local,1500,0,0,0
11373,RICKENBACKER INTERMODAL,3,local,1500,0,0,0
11374,ROANOKE,3,local,1500,0,0,0
11376,ROCK HILL,3,local,1500,0,0,0
11377,ROSE,3,local,1500,0,0,0
11378,ROSSVILLE AVENUE,3,local,1500,0,0,0
11379,ROSSVILLE INTMDL,3,local,1500,0,0,0
11381,RUTHERFORD YARD,3,local,1500,0,0,0
11382,S LINE,3,local,1500,0,0,0
11383,SALISBURY,3,local,1500,0,0,0
11385,SANDUSKY,3,local,1500,0,0,0
11387,SECAUCUS,3,intermodal,5000,0,0,0
11388,SELMA,3,local,1500,0,0,0
11389,SEVEN MILE,3,local,1500,0,0,0
11390,SHARONVILLE,3,local,1500,0,0,0
11391,SHEFFIELD,3,local,1500,0,0,0
11392,SHELBYVILLE MIX CTR,3,local,1500,0,0,0
11393,SHENANDOAH,3,local,1500,0,0,0
11394,SHIPPS,3,local,1500,0,0,0
11395,SHIRE OAKS,3,local,1500,0,0,0
11396,SHIREMANSTOWN,3,local,1500,0,0,0
11397,SIMPSON,3,local,1500,0,0,0
11398,SOUTH BRANCH,3,local,1500,0,0,0
11399,SOUTH COLUMBUS,3,local,1500,0,0,0
11401,SOUTH LIMA,3,local,1500,0,0,0
11402,SOUTH LORAIN,3,local,1500,0,0,0
11403,SOUTH ROANOKE,3,local,1500,0,0,0
11404,SPENCER,3,local,1500,0,0,0
11406,SUBARU OF IN,3,local,1500,0,0,0
11407,SUMNER ST,3,local,1500,0,0,0
11408,TENNILLE,3,local,1500,0,0,0
11409,TILTON,3,local,1500,0,0,0
11410,TOCCOA,3,local,1500,0,0,0
11411,TOLEDO MEGA TERMINAL,3,local,1500,0,0,0
11412,TOYOTA AUTORAMP,3,local,1500,0,0,0
11413,TRIPLE CROWN,3,local,1500,0,0,0
11414,VALDOSTA,3,local,1500,0,0,0
11415,VARDO,3,local,1500,0,0,0
11416,VIREOL ETHANOL HOPEWELL,3,intermodal,5000,0,0,0
11418,VOLT MIX CENTER,3,local,1500,0,0,0
11422,WELLER,3,local,1500,0,0,0
11424,WEST BROWNSVILLE,3,intermodal,5000,0,0,0
11425,WEST FALLS YARD,3,local,1500,0,0,0
11426,WHITAKER INTERMODAL,3,local,1500,0,0,0
11429,WILMINGTON AUTO RAMP,3,local,1500,0,0,0
11430,WINSTON-SALEM EAST,3,local,20000,0,0,0
11432,YOUNGTOWN,3,local,1500,0,0,0
11433,YUMA,3,local,1500,0,0,0
11437,CROXTON (NYSW),3,local,1500,0,0,0
11439,NYSW RESOURCES TERMINAL,3,local,1500,0,0,0
11440,UTICA (NYSW),3,local,1500,0,0,0
11445,PRINCETON,3,local,1500,0,0,0
11447,DEERFIELD,3,local,1500,0,0,0
11448,GARDNER,3,local,1500,0,0,0
11450,NORTH ADAMS,3,local,1500,0,0,0
11451,PATH WALDO MAINTENANCE,3,local,1500,0,0,0
11455,BERTH 200 PIER A YARD,3,local,1500,0,0,0
11456,BERTH 200 TRANSFER YARD,3,local,1500,0,0,0
11458,CUT YARD,3,intermodal,5000,0,0,0
11459,GLOBAL GATEWAY SOUTH YARD,3,local,1500,0,0,0
11460,ITS YARD,3,local,1500,0,0,0
11461,LAXT YARD,3,local,1500,0,0,0
11462,LBC YARD,3,local,1500,0,0,0
11463,NYK / EVERGREEN TERMINAL YARD,3,local,1500,0,0,0
11464,PIER 400 YARD,3,local,1500,0,0,0
11465,SAN PEDRO YARD,3,local,1500,0,0,0
11466,YANG MING TERMINAL YARD,3,local,1500,0,0,0
11467,TRI-CITY REGIONAL PORT,3,local,1500,0,0,0
11469,ALBANY YARD (PNWR),3,intermodal,5000,0,0,0
11470,BANKS YARD,3,local,1500,0,0,0
11471,COLUMBIA CITY YARD,3,local,1500,0,0,0
11473,EUGENE YARD,3,local,1500,0,0,0
11474,HILLSBORO YARD,3,local,1500,0,0,0
11477,MCKEES ROCKS (POHC),3,local,1500,0,0,0
11478,SCULLY,3,local,1500,0,0,0
11481,COLUMBUS ST PORT,3,intermodal,5000,0,0,0
11482,COSGROVE YARD,3,local,1500,0,0,0
11483,NORTH PORT ICTF,3,local,1500,0,0,0
11484,NUCOR #1,3,local,1500,0,0,0
11485,STATE JCT,3,local,1500,0,0,0
11486,ABERDEEN YARD,3,local,1500,0,0,0
11489,PORT OF GRAYS HARBOR,3,local,1500,0,0,0
11491,AMERICAN,3,local,1500,0,0,0
11492,BASIN,3,local,1500,0,0,0
11493,BOOTH,3,local,1500,0,0,0
11494,CHEVRON PHILLIPS PASADENA,3,local,1500,0,0,0
11495,OLD CITY,3,local,1500,0,0,0
11496,PASADENA,3,local,1500,0,0,0
11497,PENN CITY,3,local,1500,0,0,0
11498,WESTFIELD (PVRR),3,intermodal,5000,0,0,0
11499,6TH STREET PP,3,intermodal,5000,0,0,0
11502,NEBRASKA CITY,3,local,1500,0,0,0
11504,THOMSON WORKS,3,local,1500,0,0,0
11505,THOMSON WORKS (CSXT),3,local,1500,0,0,0
11511,QUINSIGAMOND,3,local,1500,0,0,0
11514,PENOBSCOTT,3,local,1500,0,0,0
11515,PITTSTON,3,local,1500,0,0,0
11519,PRESSLER JCT,3,local,1500,0,0,0
11520,RAPID CITY,3,local,1500,0,0,0
11522,CHEVRON YARD,3,local,1500,0,0,0
11523,MEEKER AVE YARD,3,local,1500,0,0,0
11525,HARLINGEN,3,local,1500,0,0,0
11526,SAPT #1,3,local,1500,0,0,0
11527,SAPT #1 YARD,3,local,1500,0,0,0
11529,FOURTH ST YARD,3,local,1500,0,0,0
11530,GEMCO YARD,3,local,1500,0,0,0
11531,KAISER YARD,3,local,1500,0,0,0
11532,METROLINK SHOPS YARD,3,local,1500,0,0,0
11533,SANTA FE AVE YARD (AMTK),3,local,1500,0,0,0
11534,SHOPS YARD (LATC),3,local,1500,0,0,0
11538,CANAL POINT,3,local,1500,0,0,0
11539,YOLO PORT YARD,3,local,1500,0,0,0
11541,SEGURO YARD,3,local,1500,0,0,0
11543,COFFEYVILLE,3,local,1500,0,0,0
11545,NEODESHA,3,local,1500,0,0,0
11546,TULSA,3,local,1500,0,0,0
11551,PAULSBORO-MOBIL,3,local,1500,0,0,0
11552,SALEM,3,local,1500,0,0,0
11553,OKLAHOMA CITY EAST,3,local,1500,0,0,0
11554,SNYDER,3,local,1500,0,0,0
11556,GUADALUPE YARD (SMV),3,local,1500,0,0,0
11561,MARSHALL (WIR),3,local,1500,0,0,0
11563,(MBTA) FITCHBURG,3,local,1500,0,0,0
11568,YOUNGWOOD,3,local,1500,0,0,0
11569,INTERCHANGE YARD,3,local,1500,0,0,0
11570,TRI-CITY YARD,3,local,1500,0,0,0
11573,BELT LINE,3,local,1500,0,0,0
11574,TMBL-OCCIDENTAL,3,local,1500,0,0,0
11575,TMBL-SEALAND,3,local,1500,0,0,0
11576,TMBL CONTAINER,3,intermodal,5000,0,0,0
11577,TMBL EXPORT,3,local,1500,0,0,0
11578,TMBL LOG,3,local,1500,0,0,0
11579,LONESTAR STEEL,3,local,1500,0,0,0
11580,RAY,3,local,1500,0,0,0
11581,EAST PEORIA (TPW),3,local,1500,0,0,0
11585,TREX STATION,3,local,1500,0,0,0
11586,23rd STREET,3,intermodal,5000,0,0,0
11587,CARRIE AVE,3,local,1500,0,0,0
11588,EE-JAY TRANSLOAD,3,local,1500,0,0,0
11589,MADISON (TRRA),3,local,1500,0,0,0
11590,WIGGINS #2,3,local,1500,0,0,0
11591,WIGGINS NO. 2,3,local,1500,0,0,0
11595,AVENTINE PEKIN,3,local,1500,0,0,0
11596,26TH ST,3,local,1500,0,0,0
11598,ADAMS ST,3,local,1500,0,0,0
11599,ADDIS,3,local,1500,0,0,0
11600,ALAMO JUNCTION RAIL PARK  YARD,3,local,1500,0,0,0
11601,ALBERTA LEA,3,local,1500,0,0,0
11602,ALEXANDRIA,3,local,1500,0,0,0
11604,AMELIA,3,intermodal,5000,0,0,0
11605,AMERI-PORT,3,local,1500,0,0,0
11606,ANGLETON,3,local,1500,0,0,0
11607,ATCHISON,3,local,1500,0,0,0
11608,AVONDALE (UP),3,local,1500,0,0,0
11609,BAILEY,3,local,1500,0,0,0
11610,BARNES AUTO YARD,3,local,1500,0,0,0
11611,BAUXITE,3,local,1500,0,0,0
11612,BELLMEAD,3,local,1500,0,0,0
11613,BENICIA YARD,3,local,1500,0,0,0
11614,BEVERLY,3,local,1500,0,0,0
11615,BEVERLY (UP),3,local,1500,0,0,0
11616,BIG SPRING,3,local,1500,0,0,0
11617,BLACKS FORK,3,local,1500,0,0,0
11618,BLOOMINGTON,3,local,1500,0,0,0
11619,BOONE,3,local,1500,0,0,0
11621,BRODERICK YARD,3,local,1500,0,0,0
11622,BROOKLYN YARD,3,local,1500,0,0,0
11623,BROWDER,3,local,1500,0,0,0
11624,BROWNSVILLE PALO ALTO,3,local,1500,0,0,0
11625,BURMESTER,3,intermodal,5000,0,0,0
11626,C J,3,local,1500,0,0,0
11628,CADIZ,3,local,20000,0,0,0
11631,CANAL ST,3,local,1500,0,0,0
11633,CEDAR RAPIDS,3,local,1500,0,0,0
11634,CEDAR RAPIDS YARD (UP),3,local,1500,0,0,0
11636,CHEYENNE (UP),3,local,1500,0,0,0
11637,CHICAGO HEIGHTS AUTO TERM,3,local,1500,0,0,0
11638,CHIMNEY YARD,3,local,1500,0,0,0
11639,CNW SHOPS,3,local,1500,0,0,0
11640,COADY,3,local,1500,0,0,0
11641,COI INTERMODAL TERMINAL YARD,3,local,1500,0,0,0
11642,CONGRESS,3,local,1500,0,0,0
11643,CORPUS CHRISTI,3,local,1500,0,0,0
11644,COVE,3,local,1500,0,0,0
11647,CYPRESS,3,local,1500,0,0,0
11648,DALLAS INTERMODAL TERM,3,local,1500,0,0,0
11649,DALLAS ST,3,local,1500,0,0,0
11650,DALLERUP,3,local,1500,0,0,0
11652,DAVIS YARD,3,local,1500,0,0,0
11654,DESERT YARD,3,local,1500,0,0,0
11655,DOLORES YARD,3,local,1500,0,0,0
11659,EAGLE LAKE STORAGE,3,local,1500,0,0,0
11660,EAGLE PASS,3,local,1500,0,0,0
11661,EAST BELT,3,local,1500,0,0,0
11662,EAST OAKLAND YARD,3,local,1500,0,0,0
11663,EAST SALINA,3,local,1500,0,0,0
11664,EAST YARD-RIVERDALE,3,local,1500,0,0,0
11665,EASTPORT,3,local,1500,0,0,0
11668,ELKO,3,local,1500,0,0,0
11669,EMERYVILLE YARD,3,local,1500,0,0,0
11671,EUREKA YARD,3,local,1500,0,0,0
11672,EVANSTON,3,local,1500,0,0,0
11673,EXXONMOBIL BAYTOWN,3,local,1500,0,0,0
11674,FAIRFAX-1,3,local,1500,0,0,0
11675,FAMOSO YARD,3,local,1500,0,0,0
11676,FIFE,3,intermodal,5000,0,0,0
11680,FRESNO YARD,3,local,1500,0,0,0
11681,GARFIELD,3,local,1500,0,0,0
11682,GARY,3,local,1500,0,0,0
11683,GINNIE,3,local,1500,0,0,0
11684,GLASS,3,local,1500,0,0,0
11685,GLOBAL 1 EAST,3,local,1500,0,0,0
11686,GLOBAL 3,3,local,1500,0,0,0
11687,GRAND ISLAND,3,local,1500,0,0,0
11688,GRAND JUNCTION,3,intermodal,5000,0,0,0
11689,GREEN RIVER,3,intermodal,5000,0,0,0
11691,HAWKSNEST YARD,3,local,1500,0,0,0
11692,HEARNE,3,local,1500,0,0,0
11693,HEDGES,3,local,1500,0,0,0
11695,HENDERSON,3,local,1500,0,0,0
11696,HOFFMAN AVE,3,intermodal,5000,0,0,0
11697,HOFFMAN YARD,3,intermodal,5000,0,0,0
11698,HULL AVENUE,3,intermodal,5000,0,0,0
11699,IDAHO FALLS,3,intermodal,5000,0,0,0
11700,IDS TRANSLOAD,3,local,1500,0,0,0
11701,IPC,3,local,1500,0,0,0
11704,JENKS SHOPS,3,local,1500,0,0,0
11705,JONESBORO,3,local,1500,0,0,0
11709,KIRBY,3,local,1500,0,0,0
11710,LA GRANDE YARD,3,local,1500,0,0,0
11712,LARAMIE,3,local,1500,0,0,0
11713,LEEWOOD (UP),3,local,1500,0,0,0
11714,LEVEL,3,local,1500,0,0,0
11716,LOCKWOOD INTERMODAL,3,local,1500,0,0,0
11718,LOGGING YARD,3,local,1500,0,0,0
11719,LONGVIEW (UP),3,local,1500,0,0,0
11720,LONGVIEW SIT,3,local,1500,0,0,0
11721,LORDSBURG,3,local,1500,0,0,0
11722,LOS ANGELES J YARD,3,local,1500,0,0,0
11723,LOS NIETOS YARD,3,local,1500,0,0,0
11724,LUFKIN,3,local,1500,0,0,0
11725,LYNNDYL,3,local,1500,0,0,0
11726,M-K,3,local,1500,0,0,0
11728,MANKATO,3,local,1500,0,0,0
11729,MANUEL YARD,3,local,1500,0,0,0
11730,MARION IMF,3,local,1500,0,0,0
11731,MARSHALL,3,local,1500,0,0,0
11733,MCALESTER,3,local,1500,0,0,0
11734,MCGEHEE,3,local,1500,0,0,0
11735,MCGEHEE (UP),3,local,1500,0,0,0
11737,MEDITERRANEAN YARD (PHL),3,local,20000,0,0,0
11738,MILLER,3,local,1500,0,0,0
11741,MIRA LOMA YARD,3,local,1500,0,0,0
11742,MISSION RAIL PARK,3,local,1500,0,0,0
11743,MISSOURI VALLEY,3,local,1500,0,0,0
11745,MITCHELL YARD,3,local,1500,0,0,0
11746,MOJAVE YARD,3,local,1500,0,0,0
11750,MOPAC,3,local,1500,0,0,0
11752,NAMPA,3,local,1500,0,0,0
11753,NEFF,3,local,1500,0,0,0
11754,NEWARK YARD,3,local,1500,0,0,0
11755,NEY,3,local,1500,0,0,0
11756,NOGALES YARD,3,local,1500,0,0,0
11757,NORTH END,3,intermodal,5000,0,0,0
11758,NORTH LITTLE ROCK,3,local,1500,0,0,0
11759,NORTH MARYSVILLE,3,local,1500,0,0,0
11760,NORTH RENO-PARR,3,local,1500,0,0,0
11762,OAKRIDGE YARD,3,local,1500,0,0,0
11763,ODESSA,3,local,1500,0,0,0
11764,ODESSA RAILPORT,3,intermodal,5000,0,0,0
11765,OLD SOUTH,3,local,1500,0,0,0
11766,OLMITO,3,local,1500,0,0,0
11767,OMAHA INDUSTRIAL,3,local,1500,0,0,0
11768,OSAWATOMIE,3,local,1500,0,0,0
11770,OXNARD YARD,3,local,1500,0,0,0
11771,PARACHUTE,3,local,1500,0,0,0
11772,PEACH,3,local,1500,0,0,0
11773,PENDLETON YARD,3,local,1500,0,0,0
11774,PHOENIX YARD,3,local,1500,0,0,0
11775,PINE BLUFF,3,local,1500,0,0,0
11776,PINE BLUFF SHOPS,3,local,1500,0,0,0
11778,POCATELLO,3,local,1500,0,0,0
11779,POLK YARD,3,local,1500,0,0,0
11780,POPLAR BLUFF,3,local,1500,0,0,0
11781,PORT CROSSING,3,intermodal,5000,0,0,0
11783,PRESLEY,3,local,1500,0,0,0
11784,PRICE RIVER TERMINAL,3,local,1500,0,0,0
11785,PROVISO,3,local,1500,0,0,0
11786,PRYOR,3,local,1500,0,0,0
11787,PULLMAN,3,local,1500,0,0,0
11789,REFUGIO SIT,3,local,1500,0,0,0
11790,RIFTON,3,local,1500,0,0,0
11791,ROCK SPRINGS,3,local,1500,0,0,0
11792,SAINT JAMES,3,local,1500,0,0,0
11794,SALT LAKE CITY INTERMODAL,3,local,1500,0,0,0
11795,SAN ANTONIO INTERMODAL TERM,3,local,1500,0,0,0
11796,SAN ANTONIO TOFC,3,local,1500,0,0,0
11797,SAN FERNANDO,3,local,1500,0,0,0
11798,SAND CREEK,3,local,1500,0,0,0
11799,SANTA ROSA,3,local,1500,0,0,0
11800,SANTA TERESA INTERMODAL,3,local,1500,0,0,0
11801,SCOTT CITY,3,local,1500,0,0,0
11802,SETTEGAST,3,local,1500,0,0,0
11804,SHINTECH BRAZORIA,3,local,1500,0,0,0
11805,SHREVEPORT LEVY STREET,3,local,1500,0,0,0
11806,SHREVEPORT RIVERFRONT,3,local,1500,0,0,0
11807,SI,3,local,1500,0,0,0
11808,SIDNEY,3,local,1500,0,0,0
11809,SIOUX CITY STOCKYARDS,3,local,1500,0,0,0
11810,SMITHVILLE,3,local,1500,0,0,0
11811,SOMERSET  YARD,3,local,1500,0,0,0
11812,SOUTH ATCHISON,3,intermodal,5000,0,0,0
11813,SOUTH HOSKINS,3,local,1500,0,0,0
11814,SOUTH SACRAMENTO YARD,3,local,1500,0,0,0
11815,SOUTH SAN ANTONIO,3,local,1500,0,0,0
11816,SOUTH/INTERNATIONAL,3,local,1500,0,0,0
11817,SOUTHON RAIL TERMINAL,3,local,1500,0,0,0
11818,SPARKS,3,local,1500,0,0,0
11819,SPOKANE,3,local,1500,0,0,0
11820,SPOKANE YARD,3,local,1500,0,0,0
11821,SPRINGVILLE SHOPS,3,local,1500,0,0,0
11822,ST. JOHNS AUTO YARD,3,local,1500,0,0,0
11823,STATE LINE,3,local,1500,0,0,0
11825,STEGALL,3,local,1500,0,0,0
11826,STOCKTON YARD,3,local,1500,0,0,0
11827,STRANG,3,local,1500,0,0,0
11829,TEXARKANA,3,local,1500,0,0,0
11830,TEXARKANA UP (SSW),3,local,1500,0,0,0
11831,THE DALLES YARD,3,local,1500,0,0,0
11832,TITANIUM MINERALS,3,local,1500,0,0,0
11833,TOWER 55,3,local,1500,0,0,0
11836,TYLER,3,local,1500,0,0,0
11837,UP AUTO-TRANSFER TERMINAL YARD,3,local,1500,0,0,0
11838,UP MEAD YARD,3,local,1500,0,0,0
11839,VAN BUREN,3,local,1500,0,0,0
11841,VIOLA,3,local,1500,0,0,0
11843,WAUKEGAN (UP0,3,local,1500,0,0,0
11844,WEST COLTON YARD,3,local,1500,0,0,0
11845,WEST ELK MINE YARD,3,local,1500,0,0,0
11847,WEST GLENWOOD,3,local,1500,0,0,0
11848,WEST POCATELLO STORAGE,3,local,1500,0,0,0
11849,WEST YARD - OGDEN,3,local,1500,0,0,0
11850,WILDCAT MINERALS TERMINAL,3,local,1500,0,0,0
11851,WILDS YARD,3,local,1500,0,0,0
11852,WINNEMUCCA,3,intermodal,5000,0,0,0
11854,WUNPOST YARD,3,local,1500,0,0,0
11856,YARD CENTER,3,local,1500,0,0,0
11857,YARD CENTER INTERMODAL,3,local,1500,0,0,0
11858,CLAIRTON COKE WORKS,3,local,1500,0,0,0
11859,CLAIRTON YARDS,3,local,1500,0,0,0
11860,DUQUESNE,3,local,1500,0,0,0
11861,DUQUESNE COAL DOCK,3,local,1500,0,0,0
11862,IRVIN YARDS,3,local,1500,0,0,0
11863,MONONGAHELA JCT,3,local,1500,0,0,0
11864,SOUTH DUQUESNE,3,local,1500,0,0,0
11866,BREMERTON NAVAL,3,local,1500,0,0,0
11867,EARL NWS INTERCHANGE,3,local,1500,0,0,0
11868,EARLE,3,local,1500,0,0,0
11876,STEAMTOWN,3,local,1500,0,0,0
11879,INDUSTRIAL PLAZA YARD,3,local,1500,0,0,0
11881,RUTLAND WEST,3,local,1500,0,0,0
11883,ASHLAND OIL,3,local,1500,0,0,0
11884,BRITTAIN,3,local,1500,0,0,0
11885,MIFFLIN JUNCTION,3,local,1500,0,0,0
11886,NEOMODAL,3,local,1500,0,0,0
11888,STEUBENVILLE,3,local,1500,0,0,0
11889,TIMKEN,3,local,1500,0,0,0
11891,BUFFALO,3,local,1500,0,0,0
11895,GLENDALE,3,local,1500,0,0,0
11898,WTJR NORTH,3,local,1500,0,0,0
11901,WEST YORK,3,local,1500,0,0,0
11902,YORK (YRC),3,local,1500,0,0,0
11904,WEYERHAUSER-LONGVIEW,3,local,1500,0,0,0
11905,RED BANK,3,local,1500,0,0,0
11910,FLORENCE YARD,3,local,1500,0,0,0
11911,CONEMAUGH (LVRJ),3,local,1500,0,0,0
11913,PORT OF LONGVIEW,3,local,1500,0,0,0
11914,EAST BROOK YARD,3,local,1500,0,0,0
11916,STUART MESA FACILITY YARD,3,local,1500,0,0,0
11918,EXXON BAYWAY,3,intermodal,5000,0,0,0
11919,NEW YORK CONTAINER TERMINAL,3,local,1500,0,0,0
11920,CHENEY,3,local,1500,0,0,0
